name,holderId:ID(Holder),:LABEL
李慧琼,0,Holder
新疆天业,1,Holder
石河子锦富国有资本投资运营,2,Holder
上海银叶投资,3,Holder
万家共赢,4,Holder
石河子城建设投资,5,Holder
石河子国资资本运营,6,Holder
金石期货,7,Holder
北京成阳资产管理,8,Holder
海富通基金,9,Holder
谈翼鹏,10,Holder
江阴澄星实业,11,Holder
江阴汉盈投资,12,Holder
吴海燕,13,Holder
中国证券金融,14,Holder
饶张义,15,Holder
梁洁,16,Holder
王欢,17,Holder
杜雷,18,Holder
姚波,19,Holder
陈尚军,20,Holder
唐领,21,Holder
刘文华,22,Holder
徐开东,23,Holder
罗威,24,Holder
李琦森,25,Holder
池连安,26,Holder
浙江恒际实业发展,27,Holder
包头北大明天资源科技,28,Holder
正元投资,29,Holder
杨彩红,30,Holder
中国乐凯,31,Holder
眉山彭山鑫城产业投资,32,Holder
华夏人寿保险,33,Holder
康闳博,34,Holder
王鹏,35,Holder
顾永涛,36,Holder
赵玉璞,37,Holder
林秀伟,38,Holder
杨晓丹,39,Holder
宜昌兴发,40,Holder
浙江金帆达生化,41,Holder
北信瑞丰资管,42,Holder
中央汇金资产管理,43,Holder
华融瑞通股权投资管理,44,Holder
中国人民财产保险,45,Holder
中国华融资产管理,46,Holder
宜昌国有资本投资控股,47,Holder
湖北晟隆达科技,48,Holder
宜昌夷陵国有资产经营,49,Holder
华创阳安,50,Holder
南方希望实业,51,Holder
新希望化工投资,52,Holder
宁波梅山保税港区明新日异股权投资合伙企业,53,Holder
北京东方君盛投资管理,54,Holder
江苏沙钢,55,Holder
贵州盘江精煤,56,Holder
中国贵州茅台酒厂,57,Holder
上海杉融实业,58,Holder
贵州现代物流产业,59,Holder
中金丰汇股票型养老金产品,60,Holder
陈征平,61,Holder
周新强,62,Holder
汇添富基金,63,Holder
香港中央结算,64,Holder
浙江巨化投资,65,Holder
浙江浙盐控股,66,Holder
袁志敏,67,Holder
巨化,68,Holder
戴文妹,69,Holder
江西昌九,70,Holder
毛良玉,71,Holder
李江,72,Holder
孙佳颖,73,Holder
严月珍,74,Holder
曹洪涛,75,Holder
孙军忠,76,Holder
魏春玲,77,Holder
卢文凤,78,Holder
中航信托,79,Holder
胡森,80,Holder
陈超,81,Holder
青岛经济开发投资,82,Holder
侯素梅,83,Holder
朱善永,84,Holder
青岛国信发展,85,Holder
罗予频,86,Holder
青岛出版置业,87,Holder
青岛出版,88,Holder
柳州经发投资,89,Holder
广西柳州产业投资发展,90,Holder
王红晓,91,Holder
孙磊,92,Holder
杜群,93,Holder
柳州两面针旅游用品厂,94,Holder
李斌,95,Holder
杜永强,96,Holder
管建忠,97,Holder
浙江嘉化,98,Holder
嘉化,99,Holder
浙江嘉化能源化工回购专用证券账户,100,Holder
嘉兴聚力肆号股权投资合伙企业,101,Holder
嘉兴聚力壹号股权投资合伙企业,102,Holder
郑素丽,103,Holder
东吴金融科技,104,Holder
郑安坤,105,Holder
方正东亚信托,106,Holder
亿利资源,107,Holder
宁波梅山保税港区东峪投资合伙企业,108,Holder
金元顺安基金,109,Holder
财通基金,110,Holder
武汉睿福德投资管理中心,111,Holder
西藏博恩资产管理,112,Holder
赵锡凯,113,Holder
宋娜,114,Holder
尹改荣,115,Holder
宫国翔,116,Holder
陈素芳,117,Holder
吴大忠,118,Holder
吕秋白,119,Holder
李宝奇,120,Holder
山西太钢投资,121,Holder
深圳绿色半导体照明,122,Holder
胡殿君,123,Holder
太原化学工业,124,Holder
挪威中央银行,125,Holder
基本养老保险基金九零三组合,126,Holder
浙江大众进出口,127,Holder
北京橡胶工业研究设计院,128,Holder
中国电子投资控股,129,Holder
江苏聚合创意新兴产业投资基金,130,Holder
蓝星,131,Holder
中国蓝星,132,Holder
南宁产业投资,133,Holder
孙伟,134,Holder
南宁化工,135,Holder
蓝歆旻,136,Holder
陈林妹,137,Holder
许静波,138,Holder
熊劭春,139,Holder
陈晔,140,Holder
陆健,141,Holder
柴徐华,142,Holder
全国社保基金,143,Holder
烟台国丰投资控股,144,Holder
Prime Partner International Limited,145,Holder
烟台中诚投资,146,Holder
宁波中凯信创业投资,147,Holder
孙惠刚,148,Holder
北京德杰汇通科技,149,Holder
上海家化,150,Holder
国泰君安证券资管,151,Holder
上海太富祥尔股权投资基金合伙企业,152,Holder
上海重阳战略投资,153,Holder
中国平安人寿保险,154,Holder
上海久事,155,Holder
上海高毅资产管理合伙企业,156,Holder
深圳长城汇理三号专项投资企业,157,Holder
深圳中安汇银四号专项投资企业,158,Holder
余振冀,159,Holder
深圳中安鼎奇三号专项投资企业,160,Holder
深圳中安鼎奇二号专项投资企业,161,Holder
深圳中安汇银,162,Holder
潍坊亚星,163,Holder
北京光耀东方商业管理,164,Holder
兴证证券资管,165,Holder
中盐吉兰泰盐化,166,Holder
中国国际金融,167,Holder
湖南轻盐创业投资管理,168,Holder
宁波梅山保税港区天赪汇丰投资管理合伙企业,169,Holder
中核,170,Holder
华泰资管,171,Holder
惠州讯威股权投资合伙企业,172,Holder
北信瑞丰基金,173,Holder
中国人民人寿保险,174,Holder
中国人民健康保险,175,Holder
九泰基金,176,Holder
武汉长石鑫工贸,177,Holder
弘湾资本管理,178,Holder
新疆天利石化控股,179,Holder
中国石油工程服务,180,Holder
中国石油天然气,181,Holder
阮兴祥,182,Holder
阮水龙,183,Holder
阮伟祥,184,Holder
项志峰,185,Holder
浙江龙盛,186,Holder
张世居,187,Holder
国泰君安君得鑫两年持有期混合型集合资产管理计划,188,Holder
潘小成,189,Holder
杨晶,190,Holder
陈永明,191,Holder
中国建设银行,192,Holder
吕亚军,193,Holder
金国新,194,Holder
张锡锋,195,Holder
欧阳纯正,196,Holder
韦晓玲,197,Holder
曹昱,198,Holder
青岛红星化工,199,Holder
兴业银行,200,Holder
中国昊华化工,201,Holder
盈投控股,202,Holder
国家军民融合产业投资基金,203,Holder
昊华化工,204,Holder
深圳嘉年实业,205,Holder
孙惠光,206,Holder
洛阳国宏投资,207,Holder
唐山三友碱业,208,Holder
唐山三友,209,Holder
国泰基金管理,210,Holder
唐山投资,211,Holder
平安资产,212,Holder
江苏澄利投资咨询,213,Holder
双良,214,Holder
江阴同盛企业管理中心,215,Holder
江苏双良科技,216,Holder
江苏利创新能源,217,Holder
缪双大,218,Holder
朱斌琳,219,Holder
韩群曜,220,Holder
姜雷,221,Holder
西藏风格投资管理,222,Holder
上海鹏欣农业投资,223,Holder
国开装备制造产业投资基金,224,Holder
前海人寿保险,225,Holder
谈意道,226,Holder
上海逸合投资管理,227,Holder
西藏智冠投资管理,228,Holder
姜照柏,229,Holder
上海鹏欣,230,Holder
夏永全,231,Holder
万载县银河湾投资,232,Holder
银河湾国际投资,233,Holder
陈建根,234,Holder
李建民,235,Holder
楼国英,236,Holder
湖南蠡源晟投资管理,237,Holder
赵伟平,238,Holder
唐华栋,239,Holder
吴健,240,Holder
中国工商银行,241,Holder
中国银行无锡分行,242,Holder
方建伟,243,Holder
刘政达,244,Holder
孙月龙,245,Holder
ISHARES CORE MSCI EMERGING MARKETS ETF,246,Holder
VANGUARD TOTAL INTERNATIONAL STOCK INDEX FUND,247,Holder
VANGUARD EMERGING MARKETS STOCK INDEX FUND,248,Holder
上海华谊,249,Holder
姚世娴,250,Holder
钟子春,251,Holder
深圳和沣资产管理,252,Holder
关本立,253,Holder
国新文化控股回购专用证券账户,254,Holder
樟树睿科投资管理中心,255,Holder
中国文化产业发展,256,Holder
冀中能源,257,Holder
冀中能源峰峰,258,Holder
郭强,259,Holder
李荣军,260,Holder
沈智瑜,261,Holder
樊菲,262,Holder
张金梅,263,Holder
荆学忠,264,Holder
江苏索普,265,Holder
镇江国有投资控股,266,Holder
中国东方资产管理,267,Holder
翁凯毅,268,Holder
宗凤贯,269,Holder
马孟青,270,Holder
王建华,271,Holder
余乃勇,272,Holder
蒋剑锋,273,Holder
丹阳丹化运输,274,Holder
江苏丹化,275,Holder
中建明茂投资发展,276,Holder
高仕军,277,Holder
吉林丰成顺农业,278,Holder
李利伟,279,Holder
盛济良,280,Holder
北京顶尖私行资本管理,281,Holder
江苏丹化煤制化学品工程技术,282,Holder
嘉融投资,283,Holder
安徽全威铜业控股,284,Holder
国元股权投资,285,Holder
宝钢资源,286,Holder
安徽能源,287,Holder
淮南矿业,288,Holder
国华能源投资,289,Holder
中国信达资产管理,290,Holder
淮北矿业,291,Holder
海南发展控股,292,Holder
张国玲,293,Holder
柴长茂,294,Holder
信泰人寿保险,295,Holder
新余高新区裕宜安投资合伙企业,296,Holder
广东粤财信托,297,Holder
长城股权投资基金管理,298,Holder
海南农垦投资控股,299,Holder
熊海涛,300,Holder
高金技术产业,301,Holder
熊玲瑶,302,Holder
唐安斌,303,Holder
于少波,304,Holder
四川东材科技回购专用证券帐户,305,Holder
余峰,306,Holder
易武,307,Holder
翟晓枫,308,Holder
杜江涛,309,Holder
乌海君正科技产业,310,Holder
田秀英,311,Holder
中信信诚资产,312,Holder
黄辉,313,Holder
戚石川,314,Holder
金建全,315,Holder
滨州水木有恒投资基金合伙企业,316,Holder
张忠正,317,Holder
石秦岭,318,Holder
滨州财金投资,319,Holder
滨化回购专用证券账户,320,Holder
润物控股,321,Holder
李德敏,322,Holder
王黎明,323,Holder
李剑东,324,Holder
EPOXY BASE INVESTMENT HOLDING LTD.,325,Holder
吴彩银,326,Holder
肖声扬,327,Holder
陈良,328,Holder
黄晓霞,329,Holder
刘占刚,330,Holder
李凤燕,331,Holder
徐大庆,332,Holder
日月控股,333,Holder
金译平,334,Holder
临海万盛投资,335,Holder
高献国,336,Holder
上海浦东发展银行,337,Holder
高峰,338,Holder
周三昌,339,Holder
郑国富,340,Holder
勇新,341,Holder
高远夏,342,Holder
吴冬娥,343,Holder
罗瑞林,344,Holder
四川和邦投资,345,Holder
四川盐业总,346,Holder
贺正刚,347,Holder
四川和邦生物科技回购专用证券账户,348,Holder
西部利得基金,349,Holder
李思强,350,Holder
卢建平,351,Holder
亚邦投资控股,352,Holder
许旭东,353,Holder
河南羚锐制药,354,Holder
广东德汇投资管理,355,Holder
江苏亚邦染料回购专用证券账户,356,Holder
杭柯达,357,Holder
帅咏梅,358,Holder
杨建泽,359,Holder
刘江东,360,Holder
四川金海马实业,361,Holder
深圳特发,362,Holder
德阳国有资产经营,363,Holder
赵相革,364,Holder
汉龙实业发展,365,Holder
华创证券,366,Holder
刘莹,367,Holder
上海通怡投资管理,368,Holder
广州轻工工贸,369,Holder
广州国资发展控股,370,Holder
程裕民,371,Holder
李秀萍,372,Holder
黄长富,373,Holder
苑临轩,374,Holder
钟斌,375,Holder
胡世新,376,Holder
吕华盛,377,Holder
金浦投资控股,378,Holder
陈红妹,379,Holder
孙向昕,380,Holder
柳冰,381,Holder
张秀,382,Holder
肖国文,383,Holder
吉林恒金药业,384,Holder
广州无线电,385,Holder
欧玉君,386,Holder
重庆生命科技与新材料产业,387,Holder
汪新文,388,Holder
林尚德,389,Holder
赵璨,390,Holder
凌朝明,391,Holder
胡志平,392,Holder
金坚成,393,Holder
肖国,394,Holder
任汉英,395,Holder
刘益谦,396,Holder
新理益,397,Holder
王薇,398,Holder
民生加银基金,399,Holder
王扬超,400,Holder
中信建投证券,401,Holder
徐鹤林,402,Holder
渤海国际信托,403,Holder
招商证券,404,Holder
刘咏思,405,Holder
国电英力特能源化工,406,Holder
朴永松,407,Holder
梁浩权,408,Holder
谢红秀,409,Holder
国泰基金,410,Holder
蔡学慧,411,Holder
吕红桃,412,Holder
刘满林,413,Holder
聂宗道,414,Holder
锦州恒越投资,415,Holder
西藏朝阳投资,416,Holder
安徽京马投资,417,Holder
张宇,418,Holder
江阴浩然明达投资中心,419,Holder
北京浩泽嘉业投资,420,Holder
广西索芙特科技,421,Holder
上海谷欣投资,422,Holder
周朝阳,423,Holder
北京中稷弘立资产管理,424,Holder
内蒙古博源控股,425,Holder
内蒙古远兴能源回购专用证券账户,426,Holder
广发证券,427,Holder
中国农业银行,428,Holder
王勇,429,Holder
中国化工,430,Holder
沈阳化工,431,Holder
易方达资产,432,Holder
佳兆业捷信物流,433,Holder
"JPMORGAN CHASE BANK,NATIONAL ASSOCIATION",434,Holder
上海国际信托,435,Holder
戢中秋,436,Holder
陈于文,437,Holder
李虹,438,Holder
吴爱民,439,Holder
张寿清,440,Holder
赵章财,441,Holder
王建军,442,Holder
黄腾宇,443,Holder
伍文彬,444,Holder
湖北双环化工,445,Holder
刘庆福,446,Holder
山西焦煤运城盐化,447,Holder
西安高科建材科技,448,Holder
谭永开,449,Holder
山西焦煤金融资本投资控股,450,Holder
余川闽,451,Holder
李莲子,452,Holder
刘垚,453,Holder
郑建刚,454,Holder
方杰,455,Holder
李颖,456,Holder
珠海中投知本汇资产管理,457,Holder
霍建平,458,Holder
宋常青,459,Holder
张永刚,460,Holder
山西旅游投资控股,461,Holder
山西国新能源发展,462,Holder
山西经济建设投资,463,Holder
山西路桥建设,464,Holder
王世忱,465,Holder
赵海雁,466,Holder
王玉荣,467,Holder
张新容,468,Holder
全国社保基金六零四组合,469,Holder
张利群,470,Holder
杭州万珹投资合伙企业,471,Holder
彭朝晖,472,Holder
新余昊月信息技术,473,Holder
平安资管,474,Holder
汇丰人寿保险,475,Holder
孙莹,476,Holder
平安健康保险,477,Holder
UBS   AG,478,Holder
山东海化,479,Holder
基本养老保险基金三零三组合,480,Holder
安徽中鼎控股,481,Holder
鹏华资产,482,Holder
安徽铁路发展基金,483,Holder
杨竣凯,484,Holder
缪甦,485,Holder
深圳平安大华汇通财富,486,Holder
赵熙逸,487,Holder
王恩锦,488,Holder
林奇,489,Holder
孙定保,490,Holder
向美珍,491,Holder
林梦清,492,Holder
王琼艳,493,Holder
大庆高新国有资产运营,494,Holder
中国石油林源炼油,495,Holder
中国石油大庆石油化工,496,Holder
诚志回购专用证券账户,497,Holder
芜湖华融渝创投资中心,498,Holder
珠海融文股权投资合伙企业,499,Holder
宁波东方嘉元投资合伙企业,500,Holder
北京华清创业科技,501,Holder
肖燕丽,502,Holder
深圳万容控股,503,Holder
北京金信卓华投资中心,504,Holder
传化,505,Holder
华安未来资产,506,Holder
徐冠巨,507,Holder
上海国泰君安君彤投资管理,508,Holder
长安财富,509,Holder
上海陆家嘴股权投资基金合伙企业,510,Holder
徐观宝,511,Holder
杭州金投资本管理,512,Holder
长城嘉信资产,513,Holder
黄山永新,514,Holder
黄山永佳投资,515,Holder
奥瑞金科技,516,Holder
美佳粉末涂料,517,Holder
永邦中国投资,518,Holder
华泰证券,519,Holder
大永真空科技,520,Holder
北京奥瑞金包装容器,521,Holder
黄敏慧,522,Holder
伍腾,523,Holder
南京理工大学,524,Holder
瓮福,525,Holder
广东恒健资本管理,526,Holder
国元证券约定购回专用账户,527,Holder
贵州乌江能源投资,528,Holder
山东银光化工,529,Holder
贵州盘江化工,530,Holder
保利久联控股,531,Holder
毛家忠,532,Holder
云南能源投资,533,Holder
张丽萍,534,Holder
新疆立兴股权投资管理,535,Holder
云南工业投资控股,536,Holder
黄德刚,537,Holder
云天化,538,Holder
云南能投新能源投资开发,539,Holder
陈秋有,540,Holder
黄冠雄,541,Holder
佛山顺德区昌连荣投资,542,Holder
何国英,543,Holder
佛山顺德区瑞奇投资,544,Holder
法国兴业银行,545,Holder
陈细,546,Holder
李建宏,547,Holder
江山经济建设发展,548,Holder
五矿资本控股,549,Holder
绍兴城建设投资,550,Holder
宁波汇众壹号股权投资合伙企业,551,Holder
宁波汇众贰号股权投资合伙企业,552,Holder
浙江国有资本运营,553,Holder
中航国际成套设备,554,Holder
浙江中医药健康产业,555,Holder
浙江海港资产管理,556,Holder
浙江交通投资,557,Holder
北方国际信托,558,Holder
泰康人寿保险,559,Holder
国海证券,560,Holder
景德镇井冈山北汽创新发展投资中心,561,Holder
景德镇黑猫,562,Holder
新疆中泰,563,Holder
杭州惠丰化纤,564,Holder
新疆中泰国际供应链管理,565,Holder
乌鲁木齐国有资产经营,566,Holder
广州玄元投资管理,567,Holder
乌鲁木齐环鹏,568,Holder
鸿达兴业,569,Holder
浙江富丽达,570,Holder
金鹰基金,571,Holder
张立海,572,Holder
蓝色经济区产业投资基金,573,Holder
杭州悠飞品牌管理合伙企业,574,Holder
蔡燕芬,575,Holder
华夏基金,576,Holder
人人乐连锁商业,577,Holder
佳和美资产管理,578,Holder
珠海新能联合投资合伙企业,579,Holder
青岛金王国际运输,580,Holder
董运妙,581,Holder
孟凡勇,582,Holder
王小英,583,Holder
李洁,584,Holder
中信证券,585,Holder
王婷,586,Holder
乌鲁木齐益丰年股权投资管理合伙企业,587,Holder
湖南神斧投资管理,588,Holder
湖南南岭化工,589,Holder
湖北凯龙化工,590,Holder
张德娟,591,Holder
张尚辉,592,Holder
孔国兴,593,Holder
李晨,594,Holder
陕西鼓风机,595,Holder
陕西兴化,596,Holder
陕西延长石油,597,Holder
蒋如宁,598,Holder
湘潭电化,599,Holder
湘潭振湘国有资产经营投资,600,Holder
宁波梅山保税港区兴韬投资管理,601,Holder
上海智越投资中心,602,Holder
深圳瀚信资产管理,603,Holder
邱小贞,604,Holder
中国银行,605,Holder
深圳向阳资本管理,606,Holder
杨利民,607,Holder
陈武峰,608,Holder
王玉年,609,Holder
黄荣,610,Holder
银川经济技术开发区投资控股,611,Holder
钱翠屏,612,Holder
铜陵天源股权投资,613,Holder
铜陵化学工业,614,Holder
李建锋,615,Holder
王泽龙,616,Holder
中核华原钛白,617,Holder
信达证券,618,Holder
李刚,619,Holder
珠海汇尚创业投资,620,Holder
红宝丽,621,Holder
江苏宝源投资管理,622,Holder
南京高淳国有资产经营控股,623,Holder
陆卫东,624,Holder
柳毅,625,Holder
芮敬功,626,Holder
钟振鑫,627,Holder
北京金证汇通投资中心,628,Holder
周峰,629,Holder
柯荣卿,630,Holder
李京,631,Holder
新天科技,632,Holder
朱启明,633,Holder
张连凤,634,Holder
朱文辉,635,Holder
关峰,636,Holder
张长虹,637,Holder
费占军,638,Holder
融捷投资控股,639,Holder
胡林,640,Holder
深圳翼威新材料,641,Holder
江苏九鼎,642,Holder
西安正威新材料,643,Holder
顾清波,644,Holder
冯伟,645,Holder
张海军,646,Holder
姜桂廷,647,Holder
潘慧铭,648,Holder
黄春芳,649,Holder
北京怀信投资基金管理,650,Holder
侯辉兰,651,Holder
周春林,652,Holder
徐建业,653,Holder
朱燕梅,654,Holder
王玉,655,Holder
龚锦娣,656,Holder
江苏伟伦投资管理,657,Holder
上海鸿孜企业发展,658,Holder
王宜明,659,Holder
福建电子信息,660,Holder
文开福,661,Holder
比亚迪,662,Holder
白如英,663,Holder
杨秀静,664,Holder
陕西国际信托,665,Holder
柏会民,666,Holder
红塔资产,667,Holder
李月琴,668,Holder
吴培生,669,Holder
吴琼瑛,670,Holder
吴兴荣,671,Holder
吴水炎,672,Holder
吴水源,673,Holder
陈家春,674,Holder
黄凯军,675,Holder
陈柏忠,676,Holder
三力士回购专用证券账户,677,Holder
舟山新能股权投资合伙企业,678,Holder
安徽大安投资管理,679,Holder
张浩,680,Holder
兴业全球基金,681,Holder
浙江舟山如山新能源投资合伙企业,682,Holder
杭州秋枫投资管理合伙企业,683,Holder
浙江青鸟旅游投资,684,Holder
诸暨永天投资,685,Holder
安徽盾安化工,686,Holder
盾安控股,687,Holder
刘海勇,688,Holder
山西新华防护器材,689,Holder
中兵投资管理,690,Holder
中国北方化学研究院,691,Holder
中国国有企业结构调整基金,692,Holder
泸州北方化学工业,693,Holder
西安北方惠安化学工业,694,Holder
黄婉如,695,Holder
王小丁,696,Holder
张贤桂,697,Holder
牟金香,698,Holder
全国社保基金五零三组合,699,Holder
张有志,700,Holder
广发银行,701,Holder
全国社保基金四零四组合,702,Holder
杨小鸥,703,Holder
陈永弟,704,Holder
深圳彩虹创业投资,705,Holder
深圳汇通正源股权投资基金合伙企业,706,Holder
中融国际信托,707,Holder
深圳华澳兴投资,708,Holder
深圳前海新旺兆投资合伙企业,709,Holder
高志兴,710,Holder
上海隆升资产管理,711,Holder
高东晟,712,Holder
李高文,713,Holder
深圳大晟资产管理,714,Holder
徐海仙,715,Holder
上海初旦金属材料,716,Holder
吴建龙,717,Holder
苏州海亮房地产,718,Holder
张洁,719,Holder
吴建新,720,Holder
许梓峰,721,Holder
周梦榧,722,Holder
深圳纵贯资本管理,723,Holder
王莺妹,724,Holder
何人宝,725,Holder
中国医化产业发展,726,Holder
浙江永太控股,727,Holder
金莺,728,Holder
曾鸿斌,729,Holder
安洪刚,730,Holder
侯毅,731,Holder
唐千军,732,Holder
王宙,733,Holder
深圳新纶科技,734,Holder
劳根洪,735,Holder
深圳前海鼎泰宏源投资合伙企业,736,Holder
深圳国能金海投资管理企业,737,Holder
马泉斌,738,Holder
深圳崇海投资,739,Holder
贺光平,740,Holder
邬敦伟,741,Holder
张云升,742,Holder
张乃蛇,743,Holder
任安增,744,Holder
邬庆文,745,Holder
邬卓,746,Holder
郑俊卿,747,Holder
白利军,748,Holder
赵贵存,749,Holder
南俊,750,Holder
王学良,751,Holder
刘志坚,752,Holder
刘琪,753,Holder
刘绍宏,754,Holder
安徽神剑新材料回购专用证券账户,755,Holder
李保才,756,Holder
王静波,757,Holder
谢仁国,758,Holder
杨三宝,759,Holder
杨朝伟,760,Holder
共青城互兴明华投资管理合伙企业,761,Holder
拉萨云房创富投资管理,762,Holder
国创高科实业,763,Holder
深圳大田投资,764,Holder
湖北长兴物资,765,Holder
严宏斌,766,Holder
沈耿亮,767,Holder
虞炳英,768,Holder
桐乡城建设投资,769,Holder
沈会民,770,Holder
浙江双井投资,771,Holder
泰达宏利基金,772,Holder
沈洪发,773,Holder
UBS AG,774,Holder
虞炳仁,775,Holder
朱婉依,776,Holder
宜宾国有资产经营,777,Holder
浙江荣盛控股,778,Holder
四川全明劲力旅游开发,779,Holder
宜宾南溪区兴南资源开发,780,Holder
朱春梅,781,Holder
廖丹,782,Holder
徐文君,783,Holder
上海晋拓投资管理中心,784,Holder
吴凯,785,Holder
张嵘,786,Holder
储熙凤,787,Holder
倪海春,788,Holder
芮,789,Holder
章志坚,790,Holder
江苏双象,791,Holder
李凌云,792,Holder
李世江,793,Holder
焦作多氟多实业,794,Holder
侯红军,795,Holder
北京中证焦桐投资基金,796,Holder
红土创新基金,797,Holder
赣州开发区工业投资,798,Holder
高强,799,Holder
中证500交易型开放式指数证券投资基金,800,Holder
车成聚,801,Holder
淄博齐翔石油化工,802,Holder
长安国际信托,803,Holder
淄博齐翔腾达化工回购专用证券账户,804,Holder
广州君凯投资,805,Holder
广州臻堃贸易,806,Holder
沈锡强,807,Holder
沈琦,808,Holder
沈馥,809,Holder
国家集成电路产业投资基金,810,Holder
华泰瑞联基金管理,811,Holder
李文,812,Holder
农银二号无锡股权投资中心,813,Holder
宁波梅山保税港区灏坤投资管理合伙企业,814,Holder
宁波梅山保税港区毓朗投资管理合伙企业,815,Holder
王,816,Holder
新沂必康新医药产业综合体投资,817,Holder
李宗松,818,Holder
北京阳光融汇医疗健康产业成长投资管理中心,819,Holder
周新基,820,Holder
肥城桃都新能源,821,Holder
上海萃竹股权投资管理中心,822,Holder
陕西北度新材料科技,823,Holder
国融融资租赁,824,Holder
阮华林,825,Holder
阮加春,826,Holder
阮靖淅,827,Holder
阮静波,828,Holder
张爱娟,829,Holder
徐万福,830,Holder
嘉实基金,831,Holder
辽宁晨旭实业,832,Holder
刘江山,833,Holder
俞菊美,834,Holder
刘河山,835,Holder
毛民,836,Holder
杜永忠,837,Holder
王金涛,838,Holder
刘凯飞,839,Holder
嘉兴金生未来七号股权投资合伙企业,840,Holder
康得投资,841,Holder
上海兴瀚资产管理,842,Holder
浙江中泰创赢资产管理,843,Holder
深圳前海安鹏资本管理中心,844,Holder
华富基金,845,Holder
天弘基金,846,Holder
华软投资控股,847,Holder
郁其平,848,Holder
徐敏,849,Holder
徐仁华,850,Holder
吴慧,851,Holder
王炬,852,Holder
李巧华,853,Holder
马晓霞,854,Holder
张建中,855,Holder
郑铁江,856,Holder
惠宁,857,Holder
郑江,858,Holder
江苏百川高科新材料回购专用证券账户,859,Holder
广发证券资管,860,Holder
王亚娟,861,Holder
徐霞红,862,Holder
袁谦,863,Holder
李思衡,864,Holder
成都天齐实业,865,Holder
张静,866,Holder
夏春良,867,Holder
西藏泰颐丰信息科技,868,Holder
吴昊,869,Holder
郭爱平,870,Holder
金逸彪,871,Holder
李学义,872,Holder
彭劲松,873,Holder
东营正博石油技术,874,Holder
王福海,875,Holder
王晓慧,876,Holder
樊建民,877,Holder
郑戎,878,Holder
张婷,879,Holder
交通银行,880,Holder
新华人寿保险,881,Holder
王崇盛,882,Holder
四川雅化实业回购专用证券账户,883,Holder
徐功荣,884,Holder
唐月强,885,Holder
钱志达,886,Holder
钱志明,887,Holder
白孝明,888,Holder
周中平,889,Holder
李健平,890,Holder
翁按春,891,Holder
白骋,892,Holder
沈珺,893,Holder
北京北大未名生物工程,894,Holder
王和平,895,Holder
高宝林,896,Holder
绍兴金晖越商投资合伙企业,897,Holder
深圳三道投资管理企业,898,Holder
中南成长,899,Holder
厦门京道联萃天和创业投资基金合伙企业,900,Holder
黄侦凯,901,Holder
黄伟波,902,Holder
黄少群,903,Holder
黄伟鹏,904,Holder
黄侦杰,905,Holder
上海国药圣礼股权投资基金合伙企业,906,Holder
新疆名鼎股权投资管理合伙企业,907,Holder
童美芳,908,Holder
徐进,909,Holder
严月军,910,Holder
荷兰汇盈资产管理,911,Holder
安徽金瑞投资,912,Holder
中国光大银行,913,Holder
安徽金禾实业,914,Holder
基本养老保险基金八零八组合,915,Holder
李玲,916,Holder
谭瑞清,917,Holder
许刚,918,Holder
河南银泰投资,919,Holder
范先国,920,Holder
胡智彪,921,Holder
浙江道明投资,922,Holder
胡慧玲,923,Holder
胡智雄,924,Holder
池巧丽,925,Holder
江苏华威世纪电子,926,Holder
胡敏超,927,Holder
吴之华,928,Holder
邹欢金,929,Holder
杭州永银投资合伙企业,930,Holder
河南正商企业发展,931,Holder
方银军,932,Holder
洪树鹏,933,Holder
陆伟娟,934,Holder
许荣年,935,Holder
杭州长添资产管理,936,Holder
宁波睿正投资管理中心,937,Holder
王忠立,938,Holder
全国社保基金四,939,Holder
中节能资本控股,940,Holder
招商银行,941,Holder
山东鲁银科技投资,942,Holder
烟台供销合作社,943,Holder
中国节能环保,944,Holder
鲁银投资,945,Holder
鹏华基金管理,946,Holder
浙江卫星控股,947,Holder
YANG YA ZHEN,948,Holder
嘉兴茂源投资,949,Holder
澳门金融管理局,950,Holder
北京诚通金控投资,951,Holder
科威特政府投资局,952,Holder
徐庆芳,953,Holder
徐团华,954,Holder
徐咸大,955,Holder
上海衡平投资,956,Holder
中信信托,957,Holder
张智德,958,Holder
赵振和,959,Holder
于方,960,Holder
侯,961,Holder
唐山金控产业孵化器,962,Holder
陆企亭,963,Holder
张立岗,964,Holder
徐洪珊,965,Holder
上海康达化工新材料,966,Holder
林纳新,967,Holder
邢映红,968,Holder
郑炳旭,969,Holder
广东广业,970,Holder
王永庆,971,Holder
郑明钗,972,Holder
广东伊佩克环保产业,973,Holder
广东工程技术研究所,974,Holder
刘玮巍,975,Holder
徐金富,976,Holder
万向,977,Holder
李兴华,978,Holder
林飞,979,Holder
徐金林,980,Holder
郑侠,981,Holder
郑创发,982,Holder
郑靭,983,Holder
陈汉昭,984,Holder
汕头锦煌投资,985,Holder
方嘉琪,986,Holder
新余创景投资,987,Holder
广东光华科技,988,Holder
方志锋,989,Holder
宁建华,990,Holder
高朝霞,991,Holder
江西大龙实业,992,Holder
新世界精细化工投资,993,Holder
江西电化高科,994,Holder
乐平龙强投资中心,995,Holder
刘桂英,996,Holder
新疆致远股权投资管理合伙企业,997,Holder
张莉莉,998,Holder
赵明祥,999,Holder
赵立君,1000,Holder
李步春,1001,Holder
四川发展引领资本管理,1002,Holder
郭弟民,1003,Holder
王有治,1004,Holder
杨丽玫,1005,Holder
王有华,1006,Holder
蔡显中,1007,Holder
唐宇,1008,Holder
包志方,1009,Holder
无锡宝通科技,1010,Holder
无锡宝通科技回购专用证券账户,1011,Holder
全国社保基金四零,1012,Holder
吴丹霞,1013,Holder
樟树牛曼投资管理中心,1014,Holder
上海玖歌投资管理,1015,Holder
梁寿如,1016,Holder
张桂文,1017,Holder
覃九三,1018,Holder
周达文,1019,Holder
钟美红,1020,Holder
郑仲天,1021,Holder
邓永红,1022,Holder
湖北回天新材料,1023,Holder
章锋,1024,Holder
吴正明,1025,Holder
刘鹏,1026,Holder
湖北回天新材料回购专用证券账户,1027,Holder
周启增,1028,Holder
史襄桥,1029,Holder
金燕,1030,Holder
朱顺全,1031,Holder
朱双全,1032,Holder
平安银行,1033,Holder
杨浩,1034,Holder
上海理成资产管理,1035,Holder
王娜,1036,Holder
冯毅,1037,Holder
程宇,1038,Holder
常州长平企业管理咨询,1039,Holder
冯华,1040,Holder
上海进承投资管理中心,1041,Holder
东吴证券客户信用交易担保证券账户,1042,Holder
冯军,1043,Holder
华泰证券客户信用交易担保证券账户,1044,Holder
迟立宗,1045,Holder
纪立军,1046,Holder
张烈寅,1047,Holder
赵世杰,1048,Holder
上海明汯投资管理,1049,Holder
侯钦源,1050,Holder
缪融,1051,Holder
华泰金融控股,1052,Holder
耿毅英,1053,Holder
刘雷,1054,Holder
北京海淀科技发展,1055,Holder
林科,1056,Holder
北京中恒天达科技发展,1057,Holder
北京海淀区国有资产投资经营,1058,Holder
常州京泽永兴投资中心,1059,Holder
张雪凌,1060,Holder
北京人人众科科贸,1061,Holder
上海弘象置业,1062,Holder
徐国勇,1063,Holder
王桂柱,1064,Holder
张云泉,1065,Holder
罗林骥,1066,Holder
邹荣联,1067,Holder
白岩,1068,Holder
胡辛,1069,Holder
广东德美精细化工,1070,Holder
奥克控股,1071,Holder
朱秀全,1072,Holder
朱守琛,1073,Holder
朱泽瑞,1074,Holder
黄吉芬,1075,Holder
陈学为,1076,Holder
潘卫华,1077,Holder
施利勇,1078,Holder
陆轶智,1079,Holder
常鑫民,1080,Holder
王德恒,1081,Holder
卢忠奎,1082,Holder
孙军,1083,Holder
吉林现代农业和新兴产业投资基金,1084,Holder
汇安基金,1085,Holder
黄克凤,1086,Holder
梅河口金河德正创业投资中心,1087,Holder
张爱强,1088,Holder
陈国栋,1089,Holder
邵长俊,1090,Holder
王坚强,1091,Holder
华融天泽投资,1092,Holder
芜湖长城国隆投资管理,1093,Holder
王东虎,1094,Holder
赵天,1095,Holder
王文博,1096,Holder
王传华,1097,Holder
尹月荣,1098,Holder
济南纾困盛鲁股权投资基金合伙企业,1099,Holder
杨燕,1100,Holder
史元霞,1101,Holder
山东阳谷华泰化工回购专用证券账户,1102,Holder
永新县后浪企业管理,1103,Holder
山西广佳汇企业管理咨询,1104,Holder
诺斯贝尔无纺布制品,1105,Holder
杨建新,1106,Holder
中山维雅投资管理咨询,1107,Holder
全国社保基金四零三组合,1108,Holder
永新县盈泰企业管理,1109,Holder
张犁然,1110,Holder
周德洪,1111,Holder
周秀凤,1112,Holder
邱松,1113,Holder
彭凯,1114,Holder
王潮彬,1115,Holder
陈永勤,1116,Holder
李恩女,1117,Holder
卢元健,1118,Holder
王延安,1119,Holder
袁永刚,1120,Holder
福建三安,1121,Holder
胡育琛,1122,Holder
吴艳红,1123,Holder
MA LIANGMING,1124,Holder
吴贤良,1125,Holder
董兵,1126,Holder
上海华璨股权投资基金合伙企业,1127,Holder
马良彩,1128,Holder
北京信复创值投资管理,1129,Holder
王子平,1130,Holder
广州诚信投资控股,1131,Holder
青岛高盟投资,1132,Holder
武汉汇森投资,1133,Holder
唐小林,1134,Holder
胡余友,1135,Holder
北京高盟新材料—第,1136,Holder
瑞士信贷,1137,Holder
郝建波,1138,Holder
赵东日,1139,Holder
济南鲁民投金湖投资合伙企业,1140,Holder
鲁民投基金管理,1141,Holder
赵东升,1142,Holder
山东日科化学回购专用证券账户,1143,Holder
赵光海,1144,Holder
刘明磊,1145,Holder
杨秀风,1146,Holder
李超,1147,Holder
严家华,1148,Holder
海南大禾企业管理,1149,Holder
绍兴柯桥领英实业,1150,Holder
吴国政,1151,Holder
上海江南建筑设计院,1152,Holder
石河子怡科股权投资合伙企业,1153,Holder
景总法,1154,Holder
上海盈嘉信投资管理合伙企业,1155,Holder
益家资本管理,1156,Holder
王福祥,1157,Holder
SIN YANG INDUSTRIES & TRADING PTE LTD,1158,Holder
上海新晖资产管理,1159,Holder
上海新科投资,1160,Holder
江苏新潮科技,1161,Holder
上海新阳半导体材料,1162,Holder
张磊,1163,Holder
潍坊城建设发展投资,1164,Holder
诸城经济开发投资,1165,Holder
赛石,1166,Holder
西藏富美投资,1167,Holder
朱六平,1168,Holder
殷鹏,1169,Holder
鞠方新,1170,Holder
山东美晨生态环境回购专用证券账户,1171,Holder
周仕斌,1172,Holder
桑培洲,1173,Holder
江苏瑞元投资,1174,Holder
司留启,1175,Holder
张曦,1176,Holder
东营奥远工贸,1177,Holder
王鸿娟,1178,Holder
张兵,1179,Holder
吴天翼,1180,Holder
钱振宇,1181,Holder
钱燕韵,1182,Holder
胡鹤芳,1183,Holder
孙民华,1184,Holder
王君恺,1185,Holder
江阴毅达高新股权投资合伙企业,1186,Holder
虞文彪,1187,Holder
邱建平,1188,Holder
中信银行,1189,Holder
王蔚,1190,Holder
李洪国,1191,Holder
高胜宁,1192,Holder
邵秀英,1193,Holder
晦宽,1194,Holder
晦毅,1195,Holder
北京国星物业管理,1196,Holder
李侃,1197,Holder
叶青,1198,Holder
武汉长江创富投资,1199,Holder
NORTHLAND CHEMICALS INVESTMENT LIMITED,1200,Holder
上海有洲贸易合伙企业,1201,Holder
应城富邦科技,1202,Holder
正鸿发展,1203,Holder
江苏联合化工,1204,Holder
飞凯控股,1205,Holder
上海半导体装备材料产业投资管理,1206,Holder
张家口晶泰克显示科技,1207,Holder
北京联科斯凯物流软件,1208,Holder
王莉莉,1209,Holder
北京芯动能投资基金,1210,Holder
上海康奇投资,1211,Holder
深圳汉志投资,1212,Holder
蒲云军,1213,Holder
姜艳,1214,Holder
中天证券,1215,Holder
胡玉兰,1216,Holder
娄竣,1217,Holder
喀什新兴鸿溢创业投资,1218,Holder
上海银叶阶跃资产管理,1219,Holder
张红岩,1220,Holder
蒲静依,1221,Holder
管国勤,1222,Holder
耿建富,1223,Holder
中信建投证券转融通担保证券明细账户,1224,Holder
蓝剑,1225,Holder
长城资本管理,1226,Holder
钱彬,1227,Holder
管军,1228,Holder
钱晓春,1229,Holder
杨海星,1230,Holder
王志清,1231,Holder
宋颖标,1232,Holder
钟盛,1233,Holder
河南经纬投资咨询,1234,Holder
段雪琴,1235,Holder
李万双,1236,Holder
尚洁,1237,Holder
王德胜,1238,Holder
刘彦峰,1239,Holder
瞿果君,1240,Holder
刘付文,1241,Holder
赵双梅,1242,Holder
薄闽生,1243,Holder
张运刚,1244,Holder
中国联合网络通信,1245,Holder
中国人寿保险,1246,Holder
深圳腾讯信达合伙企业,1247,Holder
嘉兴小度投资管理,1248,Holder
宿迁京东三弘企业管理中心,1249,Holder
杭州阿里创业投资,1250,Holder
苏宁易购,1251,Holder
深圳淮海方舟信息产业股权投资基金,1252,Holder
华融证券,1253,Holder
齐鲁证券资管,1254,Holder
红塔红土基金,1255,Holder
庄明,1256,Holder
厦门国际信托,1257,Holder
陈海昌,1258,Holder
庄敏,1259,Holder
周晓璐,1260,Holder
无锡建设发展投资,1261,Holder
陈业华,1262,Holder
郭志先,1263,Holder
北京东方国兴科技发展,1264,Holder
包仕高,1265,Holder
彭金红,1266,Holder
刘健,1267,Holder
楚商先锋,1268,Holder
北京广君宜科技,1269,Holder
紫光,1270,Holder
神州兆基投资基金管理,1271,Holder
大连海福盛科技,1272,Holder
霍尔果斯兴融股权投资合伙企业,1273,Holder
清华控股,1274,Holder
中国核工业资本控股,1275,Holder
北京泰豪康富股权投资管理,1276,Holder
北京卓越汇富科技,1277,Holder
西藏伟涛电子科技,1278,Holder
林少莲,1279,Holder
永鼎,1280,Holder
上海东昌企业,1281,Holder
上海东昌广告,1282,Holder
雷刚,1283,Holder
王士龙,1284,Holder
丁聪聪,1285,Holder
王小平,1286,Holder
严渝冬,1287,Holder
黄正飞,1288,Holder
陈强,1289,Holder
骆太祥,1290,Holder
金军,1291,Holder
商德标,1292,Holder
重庆国际信托,1293,Holder
袁伟,1294,Holder
陈景庚,1295,Holder
宁波奉化区锦屏街道资产经营总,1296,Holder
杨晓晨,1297,Holder
波导科技,1298,Holder
邱静怡,1299,Holder
沈霁,1300,Holder
尚大建,1301,Holder
牛桂兰,1302,Holder
金雪松,1303,Holder
大唐电信科技产业控股,1304,Holder
电信科学技术研究院,1305,Holder
易方达基金,1306,Holder
博时基金,1307,Holder
中国长城工业,1308,Holder
北京机电工程总体设计部,1309,Holder
北京航天爱威电子技术,1310,Holder
中国航天科工飞航技术研究院,1311,Holder
中国航天科工,1312,Holder
孙浩然,1313,Holder
缪瑾,1314,Holder
张金伟,1315,Holder
上海安尚实业,1316,Holder
李明明,1317,Holder
陈定华,1318,Holder
靳帅,1319,Holder
吴立新,1320,Holder
任奇峰,1321,Holder
郑素贞,1322,Holder
王立纬,1323,Holder
陈金华,1324,Holder
徐莉蓉,1325,Holder
王树先,1326,Holder
郭世民,1327,Holder
王日昇,1328,Holder
吕秀芬,1329,Holder
北京北邮资产经营,1330,Holder
亿阳,1331,Holder
潘建清,1332,Holder
於志华,1333,Holder
海宁经济发展投资,1334,Holder
苏喜,1335,Holder
国华人寿保险,1336,Holder
天通控股回购专用证券账户,1337,Holder
杜海利,1338,Holder
潘娟美,1339,Holder
潘建忠,1340,Holder
天通高新,1341,Holder
关秋鸿,1342,Holder
烽火科技,1343,Holder
武汉金融控股,1344,Holder
武汉高科国有控股,1345,Holder
武汉新能实业发展,1346,Holder
葛品利,1347,Holder
武汉长江经济联合发展,1348,Holder
陈世燃,1349,Holder
郭永仁,1350,Holder
华能国际电力开发,1351,Holder
沈国荣,1352,Holder
国网电力科学研究院,1353,Holder
南瑞,1354,Holder
王维航,1355,Holder
刘燕京,1356,Holder
张仲华,1357,Holder
荆涛,1358,Holder
富淑梅,1359,Holder
上海纯达资产管理,1360,Holder
赵剑,1361,Holder
李结义,1362,Holder
杜宣,1363,Holder
徐岷波,1364,Holder
深圳前海联礼阳投资,1365,Holder
四川电子科技大学教育发展基金会,1366,Holder
黄崇付,1367,Holder
西安经发,1368,Holder
周宇光,1369,Holder
黄凯凯,1370,Holder
于亦春,1371,Holder
顾春泉,1372,Holder
顾萍,1373,Holder
黄永飞,1374,Holder
董廷春,1375,Holder
秦伟,1376,Holder
李晶,1377,Holder
王韧,1378,Holder
曾月溶,1379,Holder
朱永康,1380,Holder
刘华,1381,Holder
田成,1382,Holder
叶小燕,1383,Holder
魏然,1384,Holder
江西赣粤高速公路,1385,Holder
邮政科学研究规划院,1386,Holder
北京中邮资产管理,1387,Holder
王勇萍,1388,Holder
王靖,1389,Holder
蒋宁,1390,Holder
北京华赛大有投资基金,1391,Holder
信达澳银基金,1392,Holder
天兆欣,1393,Holder
齐干平,1394,Holder
赵明花,1395,Holder
崔根良,1396,Holder
亨通,1397,Holder
"HUAWEI TECH. INVESTMENT CO., LIMITED",1398,Holder
苏州信托,1399,Holder
江苏亨通光电回购专用证券账户,1400,Holder
中车金证投资,1401,Holder
国新投资,1402,Holder
郑启安,1403,Holder
湖南三力通信经贸,1404,Holder
深圳国协,1405,Holder
拉萨行动电子科技,1406,Holder
江苏中天科技回购专用证券账户,1407,Holder
平安基金,1408,Holder
皓熙股权投资管理,1409,Holder
中天科技,1410,Holder
中国电子,1411,Holder
中国电子信息产业,1412,Holder
白敏莉,1413,Holder
莫建军,1414,Holder
司文裕,1415,Holder
杨小萍,1416,Holder
海南金慧投资管理中心,1417,Holder
Show World HongKong Limited,1418,Holder
WB Online Investment Limited,1419,Holder
青岛利兹利投资合伙企业,1420,Holder
深圳庥隆金实投资管理中心,1421,Holder
厦门赛富股权投资合伙企业,1422,Holder
嘉兴腾元投资合伙企业,1423,Holder
青岛永盟投资合伙企业,1424,Holder
澄迈新升投资管理中心,1425,Holder
杭州长潘股权投资合伙企业,1426,Holder
中电科投资控股,1427,Holder
宫龙,1428,Holder
中电国睿,1429,Holder
中国电子科技第十四研究所,1430,Holder
兴业证券,1431,Holder
国家开发投资,1432,Holder
北京华夏智讯技术,1433,Holder
上海巽潜投资管理合伙企业,1434,Holder
南方工业资产管理,1435,Holder
陈鸿,1436,Holder
杭州恒生电子,1437,Holder
蒋建圣,1438,Holder
周林根,1439,Holder
彭政纲,1440,Holder
张健,1441,Holder
杭州信雅达电子,1442,Holder
宁波经济技术开发区春秋科技开发,1443,Holder
郭华强,1444,Holder
刁建敏,1445,Holder
林薇薇,1446,Holder
窦科,1447,Holder
朱宝文,1448,Holder
顾建月,1449,Holder
程雄,1450,Holder
上海合道资产管理,1451,Holder
北京用友科技,1452,Holder
上海用友科技咨询,1453,Holder
上海益倍管理咨询,1454,Holder
葛卫东,1455,Holder
北京用友企业管理研究所,1456,Holder
共青城优富投资管理合伙企业,1457,Holder
刘世强,1458,Holder
北大方正信息产业,1459,Holder
曾远彬,1460,Holder
张佳华,1461,Holder
盛国武,1462,Holder
朱泽,1463,Holder
郑文宝,1464,Holder
广发基金,1465,Holder
彭士学,1466,Holder
胡建萍,1467,Holder
罗瑞云,1468,Holder
高建成,1469,Holder
蒋全福,1470,Holder
刘丽丽,1471,Holder
钱伟阳,1472,Holder
吴鸣霄,1473,Holder
昆明产业开发投资,1474,Holder
昆明交通投资,1475,Holder
封标,1476,Holder
周云,1477,Holder
云南国际信托,1478,Holder
杨琪,1479,Holder
国金证券,1480,Holder
胡冲,1481,Holder
许钢生,1482,Holder
张奕彬,1483,Holder
上海仪电电子,1484,Holder
深圳中恒汇志投资,1485,Holder
邹永杭,1486,Holder
朱汉坤,1487,Holder
张奕,1488,Holder
南昌万和宜家股权投资合伙企业,1489,Holder
陈家强,1490,Holder
宋天喜,1491,Holder
陈柏桦,1492,Holder
马光,1493,Holder
傅频青,1494,Holder
中国普天信息产业,1495,Holder
何炜,1496,Holder
葛建平,1497,Holder
胡高华,1498,Holder
裘兴祥,1499,Holder
RYU SHOICHI,1500,Holder
高巧珍,1501,Holder
王春泽,1502,Holder
靳建平,1503,Holder
阿尔派株式会社,1504,Holder
大连东软控股,1505,Holder
东北大学科技产业,1506,Holder
阿尔派电子,1507,Holder
东软回购专用证券账户,1508,Holder
杨光,1509,Holder
SAP SE,1510,Holder
徐燕超,1511,Holder
陈少先,1512,Holder
郑尔城,1513,Holder
佳都,1514,Holder
堆龙佳都科技,1515,Holder
广州番禺通信管道建设投资,1516,Holder
刘伟,1517,Holder
广州腾昱投资合伙企业,1518,Holder
邱宇,1519,Holder
罗杨海,1520,Holder
北京昂展科技发展,1521,Holder
大连腾兴旺达企业管理,1522,Holder
北京百善仁和科技,1523,Holder
中兴通讯,1524,Holder
陈峰,1525,Holder
福州开发区国有资产营运,1526,Holder
大连隆兴茂达企业管理合伙企业,1527,Holder
王江,1528,Holder
王嵚,1529,Holder
国通信托,1530,Holder
浪潮软件科技,1531,Holder
李淑英,1532,Holder
汤臻浩,1533,Holder
袁广凤,1534,Holder
马瑜,1535,Holder
赵功锋,1536,Holder
马琳,1537,Holder
中国船舶重工第七二六研究所,1538,Holder
中国船舶重工,1539,Holder
中国船舶重工第七,1540,Holder
江苏杰瑞科技,1541,Holder
中国船舶重工投资,1542,Holder
中国国有资本风险投资基金,1543,Holder
鹏起万里产融,1544,Holder
国新央企运营投资基金管理,1545,Holder
熊猫电子,1546,Holder
南京中电熊猫信息产业,1547,Holder
赵东岭,1548,Holder
马江峰,1549,Holder
钟志坦,1550,Holder
蔡炎,1551,Holder
王俊燕,1552,Holder
NORGES BANK,1553,Holder
普天东方通信,1554,Holder
NOMURA SINGAPORE LIMITED,1555,Holder
工银瑞信基金,1556,Holder
银华基金,1557,Holder
宁波嘉越云通创业投资合伙企业,1558,Holder
浙大网新科技回购专用证券账户,1559,Holder
马信琪,1560,Holder
郑素娥,1561,Holder
周文彬,1562,Holder
华数网通信息港,1563,Holder
上海趵虎投资管理中心,1564,Holder
浙江万里扬,1565,Holder
浙江浙大网新,1566,Holder
杨学平,1567,Holder
潘永福,1568,Holder
深圳鹏博利泰投资,1569,Holder
中原信托,1570,Holder
鹏博士电信传媒回购专用证券账户,1571,Holder
深圳聚达苑投资,1572,Holder
深圳鹏博实业,1573,Holder
SHENWAN HONGYUAN NOMINEES  LIMITED,1574,Holder
MORGAN STANLEY & CO. INTERNATIONAL PLC,1575,Holder
金樟贤,1576,Holder
宝山钢铁,1577,Holder
张为民,1578,Holder
郭文奇,1579,Holder
中国电子科技第三十二研究所,1580,Holder
苏宗伟,1581,Holder
郭晓民,1582,Holder
宋世民,1583,Holder
中国兵器装备,1584,Holder
中电博微电子科技,1585,Holder
旷海滨,1586,Holder
徐峰,1587,Holder
吴镇歆,1588,Holder
浙江新湖,1589,Holder
张志宏,1590,Holder
倪国强,1591,Holder
顾雅婷,1592,Holder
张海峰,1593,Holder
中国出版,1594,Holder
中国电影,1595,Holder
中国电信,1596,Holder
李畅,1597,Holder
英大传媒投资,1598,Holder
中国移动通信,1599,Holder
《环球时报》社,1600,Holder
人民日报社,1601,Holder
北京中科算源资产管理,1602,Holder
北京思科智控股中心,1603,Holder
历军,1604,Holder
聂华,1605,Holder
杜梅,1606,Holder
赵玉岭,1607,Holder
爱慕,1608,Holder
费明硕,1609,Holder
北京,1610,Holder
郑建军,1611,Holder
吴海宏,1612,Holder
孙雪理,1613,Holder
谭庆,1614,Holder
张永恒,1615,Holder
何志东,1616,Holder
刘元霞,1617,Holder
MORGAN STANLEY & CO. INTERNATIONAL PLC.,1618,Holder
南威软件回购专用证券账户,1619,Holder
刘妍婧,1620,Holder
刘志强,1621,Holder
上海云鑫创业投资,1622,Holder
吴志雄,1623,Holder
熊文力,1624,Holder
博旭,1625,Holder
翁仁源,1626,Holder
深圳前海万通融资租赁,1627,Holder
罗永民,1628,Holder
宁波达蓬资产管理中心,1629,Holder
李伟,1630,Holder
中国中电国际信息服务,1631,Holder
中国电子进出口,1632,Holder
深圳龙岗区城建设投资,1633,Holder
吴安,1634,Holder
中电金投控股,1635,Holder
焦红遇,1636,Holder
陈铿帆,1637,Holder
刘少帅,1638,Holder
陈少忠,1639,Holder
严圣军,1640,Holder
南通乾创投资,1641,Holder
中节能华禹基金管理,1642,Holder
宁波梅山保税港区昊宇龙翔股权投资中心,1643,Holder
国新国控投资管理,1644,Holder
南通坤德投资,1645,Holder
北京奋信投资管理,1646,Holder
上海中平国瑀并购股权投资基金合伙企业,1647,Holder
上海信银海丝投资管理,1648,Holder
广东恒健资产管理,1649,Holder
中兴新通讯,1650,Holder
深圳汇通融信投资,1651,Holder
南京新创兴咨询管理合伙企业,1652,Holder
深圳投控资本,1653,Holder
葛贵兰,1654,Holder
王萍,1655,Holder
徐建东,1656,Holder
王雨辰,1657,Holder
阴陶,1658,Holder
汉国三和,1659,Holder
戴荣,1660,Holder
陈传荣,1661,Holder
长城证券,1662,Holder
五矿企荣,1663,Holder
华夏基金管理,1664,Holder
林关羽,1665,Holder
马如仁,1666,Holder
王建林,1667,Holder
李晓飞,1668,Holder
袁国彬,1669,Holder
齐文,1670,Holder
姚向军,1671,Holder
中海恒实业发展,1672,Holder
林湘,1673,Holder
珠海华发实体产业投资控股,1674,Holder
珠海水务环境控股,1675,Holder
力合科创,1676,Holder
珠海联基控股,1677,Holder
赖荣跃,1678,Holder
黄建国,1679,Holder
郑文强,1680,Holder
王毅,1681,Holder
姚永海,1682,Holder
中国航天科工防御技术研究院,1683,Holder
南京康海航空航天产业投资合伙企业,1684,Holder
航天科工资产管理,1685,Holder
南京江北新区产业投资,1686,Holder
吴冬华,1687,Holder
神州数码软件,1688,Holder
中新苏州工业园区创业投资,1689,Holder
昆山申昌科技,1690,Holder
Infinity I,1691,Holder
程艳云,1692,Holder
王宇飞,1693,Holder
贺胜龙,1694,Holder
王筱泉,1695,Holder
林雅莉,1696,Holder
何海潮,1697,Holder
陕西电子信息,1698,Holder
陕西烽火通信,1699,Holder
刘钰泽,1700,Holder
广州蕙富骐骥投资合伙企业,1701,Holder
北京鼎耘科技发展,1702,Holder
泉州晟辉投资,1703,Holder
上海乐铮网络科技,1704,Holder
长飞光纤光缆,1705,Holder
金怡云,1706,Holder
韩学军,1707,Holder
代学荣,1708,Holder
吴玉瑞,1709,Holder
柴继军,1710,Holder
姜海林,1711,Holder
陈智华,1712,Holder
常州产业投资,1713,Holder
常州服装,1714,Holder
梁军,1715,Holder
廖道训,1716,Holder
乌力吉,1717,Holder
北京杨树蓝天投资中心,1718,Holder
殷晓东,1719,Holder
北京杨树嘉业投资中心,1720,Holder
京蓝控股,1721,Holder
半丁,1722,Holder
融通资本投资管理,1723,Holder
朗森汽车产业园开发,1724,Holder
天津北控工程管理咨询,1725,Holder
浙江浙商产融投资发展,1726,Holder
永盛科技,1727,Holder
福州汇同乐企业管理合伙企业,1728,Holder
福州康同乐企业管理合伙企业,1729,Holder
凯荟,1730,Holder
四川大地实业,1731,Holder
南山资本投资,1732,Holder
深圳前海恒兆亿基金管理,1733,Holder
福州仓山区康同家贸易,1734,Holder
宁波梅山保税港区领慧投资合伙企业,1735,Holder
绵阳九华投资管理中心,1736,Holder
四川九洲电器,1737,Holder
杨捷,1738,Holder
四川富润志合投资,1739,Holder
招商财富,1740,Holder
绵阳科技城发展投资,1741,Holder
四川九洲创业投资,1742,Holder
长城国融投资管理,1743,Holder
孙良才,1744,Holder
王晓茜,1745,Holder
徐智刚,1746,Holder
毛华锋,1747,Holder
陈坤,1748,Holder
杭州富通民安投资,1749,Holder
杭州富通国泰投资,1750,Holder
南华基金,1751,Holder
天津鑫茂科技投资,1752,Holder
浙江富通科技,1753,Holder
叶军,1754,Holder
陈光南,1755,Holder
大唐高新创业投资,1756,Holder
刘文涛,1757,Holder
张胜君,1758,Holder
南京庆亚贸易,1759,Holder
曾东卫,1760,Holder
钟君艳,1761,Holder
深圳弘道天瑞投资,1762,Holder
包头龙邦贸易,1763,Holder
北京青宥瑞禾文化传媒中心,1764,Holder
弘道天华,1765,Holder
南京顺拓投资管理,1766,Holder
浙江欢瑞世纪文化艺术发展,1767,Holder
北京青宥仟和投资顾问,1768,Holder
欢瑞世纪,1769,Holder
欢瑞联合,1770,Holder
上海华信长安网络科技,1771,Holder
西藏紫光通信投资,1772,Holder
西藏林芝清创资产管理,1773,Holder
同方计算机,1774,Holder
北京国研天成投资管理,1775,Holder
上海境坦资产管理,1776,Holder
云南南天电子信息产业,1777,Holder
吉富创业投资,1778,Holder
严亚春,1779,Holder
滕健,1780,Holder
南天电子信息产业,1781,Holder
翁迎春,1782,Holder
张根昌,1783,Holder
宁波电子信息,1784,Holder
万忠波,1785,Holder
宁波联合,1786,Holder
TAIGENE METAL COMPANY L.L.C,1787,Holder
TRIDUS INTERNATIONAL INC,1788,Holder
北京三环控股,1789,Holder
大家资产,1790,Holder
浪潮,1791,Holder
东兴证券,1792,Holder
福建创新电子信息产业投资发展,1793,Holder
李萍,1794,Holder
新大陆科技,1795,Holder
楼东芳,1796,Holder
珠海普天和平电信工业,1797,Holder
李明涛,1798,Holder
王晓文,1799,Holder
蒋爱东,1800,Holder
蒋日荣,1801,Holder
林峰,1802,Holder
中金,1803,Holder
Giovanna Investment Hong Kong Limited,1804,Holder
Gio2 Hong Kong Holdings Limited,1805,Holder
阿里巴巴网络技术,1806,Holder
Media Management Hong Kong Limited,1807,Holder
袁明,1808,Holder
张维仰,1809,Holder
杨成社,1810,Holder
杨忠义,1811,Holder
杨俊敏,1812,Holder
孙建成,1813,Holder
邓海燕,1814,Holder
黄建元,1815,Holder
国网电子商务,1816,Holder
陈利浩,1817,Holder
国电电力发展,1818,Holder
日照钢铁,1819,Holder
赖汉宣,1820,Holder
薛向东,1821,Holder
北京东华诚信电脑科技发展,1822,Holder
腾讯科技,1823,Holder
北京东华诚信投资管理中心,1824,Holder
东华软件,1825,Holder
柏红,1826,Holder
张建华,1827,Holder
袁仲雪,1828,Holder
大成基金,1829,Holder
中欧基金,1830,Holder
南方基金,1831,Holder
青岛高等学校技术装备服务总部,1832,Holder
软控,1833,Holder
马崇基,1834,Holder
张亦斌,1835,Holder
马玲芝,1836,Holder
苏州工业园区民营工业区发展,1837,Holder
天津中程汇通企业管理中心,1838,Holder
黄文忠,1839,Holder
天津丰瑞恒盛投资管理,1840,Holder
易思博网络系统,1841,Holder
柏斯荣,1842,Holder
朱华明,1843,Holder
江苏金智,1844,Holder
叶留金,1845,Holder
张爱琴,1846,Holder
西藏信托,1847,Holder
贺安鹰,1848,Holder
宁波宁聚资产管理中心,1849,Holder
李明,1850,Holder
陈学华,1851,Holder
林惠榕,1852,Holder
陈国鹰,1853,Holder
福建国脉,1854,Holder
林金全,1855,Holder
北京中财裕富投资管理,1856,Holder
王茂芝,1857,Holder
兴瀚资产,1858,Holder
孙国明,1859,Holder
浙江网盛投资管理,1860,Holder
杭州涉其网络,1861,Holder
彭兵,1862,Holder
陈建有,1863,Holder
傅智勇,1864,Holder
王方南,1865,Holder
吕丽蓉,1866,Holder
梁振兴,1867,Holder
刘耀文,1868,Holder
李越伦,1869,Holder
郑剑波,1870,Holder
浙江三维股权投资管理,1871,Holder
洪革,1872,Holder
王瑕,1873,Holder
宁波梅山保税港区万银股权投资合伙企业,1874,Holder
龚维松,1875,Holder
徐立华,1876,Holder
长信基金,1877,Holder
北京北纬通信科技回购专用证券账户,1878,Holder
傅乐民,1879,Holder
许建国,1880,Holder
彭伟,1881,Holder
杨华,1882,Holder
俞文灿,1883,Holder
卢彦喜,1884,Holder
吴正华,1885,Holder
林主良,1886,Holder
周儒欣,1887,Holder
李建辉,1888,Holder
上海迎水投资管理,1889,Holder
郭磊,1890,Holder
梅州敬基实业,1891,Holder
广州广电运通金融电子,1892,Holder
曾文,1893,Holder
叶子瑜,1894,Holder
安耐德合伙人,1895,Holder
陈振光,1896,Holder
李仲初,1897,Holder
陈国强,1898,Holder
北京业勤投资,1899,Holder
焦梅荣,1900,Holder
淘宝软件,1901,Holder
陈长安,1902,Holder
徐玉锁,1903,Holder
陈光珠,1904,Holder
深圳远望谷信息技术回购专用证券账户,1905,Holder
孝泽资产管理,1906,Holder
上海呈瑞投资管理,1907,Holder
刘存香,1908,Holder
太平基金,1909,Holder
王卿伟,1910,Holder
王卿泳,1911,Holder
张云雷,1912,Holder
游族网络,1913,Holder
崔荣,1914,Holder
杨文江,1915,Holder
郑观次,1916,Holder
蔡晓东,1917,Holder
周婷,1918,Holder
杨明锐,1919,Holder
杨淞文,1920,Holder
王建峰,1921,Holder
周敏英,1922,Holder
陈德勇,1923,Holder
邹涵文,1924,Holder
庞江华,1925,Holder
珠海赛纳打印科技,1926,Holder
珠海东方金桥资本管理,1927,Holder
国泰君安证券,1928,Holder
吴秋农,1929,Holder
许泓,1930,Holder
郭孟榕,1931,Holder
上海证券,1932,Holder
高旭,1933,Holder
赵大砥,1934,Holder
许百花,1935,Holder
梁晓宇,1936,Holder
吴焕群,1937,Holder
王凯,1938,Holder
王丽丽,1939,Holder
孟凡博,1940,Holder
深圳恒信华业股权投资基金管理,1941,Holder
孟庆南,1942,Holder
上海富诚海富通资产,1943,Holder
浙富控股,1944,Holder
韩猛,1945,Holder
曲水信佳科技,1946,Holder
张淑霞,1947,Holder
陈于冰,1948,Holder
胡郁,1949,Holder
刘庆峰,1950,Holder
中科大资产经营,1951,Holder
安徽言知科技,1952,Holder
王仁华,1953,Holder
吴晓如,1954,Holder
于飞,1955,Holder
肖爱培,1956,Holder
瑞丽瑞丽湾旅游开发,1957,Holder
杜方,1958,Holder
肖飞,1959,Holder
张海英,1960,Holder
陈树林,1961,Holder
关海果,1962,Holder
张振秋,1963,Holder
张东立,1964,Holder
谢春雨,1965,Holder
中国第,1966,Holder
长春净月高新技术产业开发区智慧城建设发展,1967,Holder
吴建会,1968,Holder
任明,1969,Holder
王三阳,1970,Holder
李尧,1971,Holder
北京万点资本管理,1972,Holder
黄德源,1973,Holder
四川力攀投资咨询,1974,Holder
游志胜,1975,Holder
四川智胜视科航空航天技术,1976,Holder
四川大学,1977,Holder
成都西南民航空管实业,1978,Holder
成都西南民航巨龙实业,1979,Holder
陈素华,1980,Holder
杨红雨,1981,Holder
郑就有,1982,Holder
常征,1983,Holder
李新宇,1984,Holder
宋鹰,1985,Holder
深圳海云天投资控股,1986,Holder
张忠革,1987,Holder
李松峰,1988,Holder
刘彦,1989,Holder
李美君,1990,Holder
袁浩卿,1991,Holder
深圳天富信合投资合伙企业,1992,Holder
郭建刚,1993,Holder
杨梦媛,1994,Holder
朱向军,1995,Holder
东海基金,1996,Holder
建信基金,1997,Holder
中国电子科技网络信息安全,1998,Holder
施瑞丰,1999,Holder
北京久其科技投资,2000,Holder
赵福君,2001,Holder
董泰湘,2002,Holder
欧阳曜,2003,Holder
栗军,2004,Holder
北京久其软件回购专用证券账户,2005,Holder
刘家豪,2006,Holder
北京红螺食品,2007,Holder
李勇,2008,Holder
何志涛,2009,Holder
上海磐耀资产管理,2010,Holder
E.T.XUN Holding Limited,2011,Holder
深圳中植产投并购投资合伙企业,2012,Holder
陈理,2013,Holder
谢晓勤,2014,Holder
阮菊珍,2015,Holder
阿布达比投资局,2016,Holder
中天金投,2017,Holder
刘锐,2018,Holder
李海鹰,2019,Holder
谢春生,2020,Holder
李力,2021,Holder
胡江平,2022,Holder
苗卫东,2023,Holder
樊志宏,2024,Holder
河南惠众投资,2025,Holder
王梅娟,2026,Holder
台州中数威科股权投资合伙企业,2027,Holder
王红兵,2028,Holder
江苏苏豪投资,2029,Holder
重庆和信汇智工业产业股权投资基金合伙企业,2030,Holder
黄胜,2031,Holder
南京丰同投资中心,2032,Holder
科学城投资,2033,Holder
李家权,2034,Holder
补建,2035,Holder
朱江,2036,Holder
程春,2037,Holder
蒋国祥,2038,Holder
成都通用工程技术,2039,Holder
骆光明,2040,Holder
黄刚珍,2041,Holder
珠海润达泰投资合伙企业,2042,Holder
珠海九洲控股,2043,Holder
黄永军,2044,Holder
西藏福茂投资管理,2045,Holder
许剑峰,2046,Holder
沈锦华,2047,Holder
姚瑞波,2048,Holder
黄良发,2049,Holder
谢永忠,2050,Holder
欧阳芳,2051,Holder
叶春华,2052,Holder
黄喜胜,2053,Holder
键桥通讯技术,2054,Holder
王雁铭,2055,Holder
胡兰,2056,Holder
李春辉,2057,Holder
陈南京,2058,Holder
屠爱容,2059,Holder
嘉兴乾德精,2060,Holder
林木顺,2061,Holder
王晟,2062,Holder
刘含,2063,Holder
梁山,2064,Holder
易增辉,2065,Holder
杨世宁,2066,Holder
安徽安华企业管理服务合伙企业,2067,Holder
福建广聚信息技术服务,2068,Holder
西藏景源企业管理,2069,Holder
南方银谷科技,2070,Holder
张文昇,2071,Holder
张文东,2072,Holder
肖敏,2073,Holder
王晓红,2074,Holder
俞慧军,2075,Holder
俞慧芳,2076,Holder
领航投资澳洲,2077,Holder
石波涛,2078,Holder
朱晔,2079,Holder
为新,2080,Holder
王玉辉,2081,Holder
北京光线传媒,2082,Holder
上海集观投资中心,2083,Holder
上海诚自投资中心,2084,Holder
方永中,2085,Holder
北京华晔宝春投资管理中心,2086,Holder
北京光线影业,2087,Holder
徐冬坚,2088,Holder
刘迎建,2089,Holder
徐冬青,2090,Holder
中国科学院自动化研究所,2091,Holder
周国怀,2092,Holder
林利娥,2093,Holder
陈勇,2094,Holder
姜晓丹,2095,Holder
中电太极,2096,Holder
华北计算技术研究所,2097,Holder
周荣芝,2098,Holder
上海雷钧资产管理,2099,Holder
王杏才,2100,Holder
夏传武,2101,Holder
陈方方,2102,Holder
深圳上元星晖电子产业股权投资基金企业,2103,Holder
林秋璇,2104,Holder
深圳中科祥瑞资本管理合伙企业,2105,Holder
王荣安,2106,Holder
唐建柏,2107,Holder
夏曙锋,2108,Holder
夏曙东,2109,Holder
北京慧通联合科技,2110,Holder
北京电信投资,2111,Holder
芜湖宇昆股权投资合伙企业,2112,Holder
芜湖宇仑股权投资合伙企业,2113,Holder
建信投资基金管理,2114,Holder
北京千方,2115,Holder
门洪强,2116,Holder
威海北洋电气,2117,Holder
石河子联众利丰投资合伙企业,2118,Holder
威海国有资产经营,2119,Holder
丛强滋,2120,Holder
山东高新技术创业投资,2121,Holder
基本养老保险基金,2122,Holder
中国国际金融转融通担保证券明细账户,2123,Holder
合肥惟同投资中心,2124,Holder
郭信平,2125,Holder
郑州航空港区兴慧电子科技,2126,Holder
靳荣伟,2127,Holder
张钰桐,2128,Holder
白素杰,2129,Holder
孙丽丽,2130,Holder
王静涛,2131,Holder
黄晓微,2132,Holder
叶莉,2133,Holder
袁富根,2134,Holder
袁永峰,2135,Holder
张家港产业资本投资,2136,Holder
刘灵辉,2137,Holder
维实创业投资,2138,Holder
福建隽丰投资,2139,Holder
唐朝新,2140,Holder
喻咏军,2141,Holder
上海船舶运输科学研究所,2142,Holder
张雪勇,2143,Holder
徐魏,2144,Holder
周群,2145,Holder
金美玲,2146,Holder
余汉清,2147,Holder
金俊,2148,Holder
蒋振军,2149,Holder
孙玉国,2150,Holder
中国四维测绘技术,2151,Holder
深圳腾讯产业投资基金,2152,Holder
天安财产保险,2153,Holder
林芝锦华投资管理,2154,Holder
北京四维图新科技,2155,Holder
合肥高新科技创业投资,2156,Holder
安景合,2157,Holder
刁志中,2158,Holder
陈晓红,2159,Holder
王金洪,2160,Holder
涂建华,2161,Holder
邱世勋,2162,Holder
高瓴资本管理,2163,Holder
MERRILL LYNCH INTERNATIONAL,2164,Holder
JPMORGAN CHASE BANK NATIONAL ASSOCIATION,2165,Holder
周世平,2166,Holder
红岭控股,2167,Holder
林素密,2168,Holder
黄海峰,2169,Holder
陈军,2170,Holder
"JPMORGANCHASEBANK,NATIONALASSOCIATION",2171,Holder
张芝源,2172,Holder
浙江九章资产管理,2173,Holder
吕强,2174,Holder
苏俊锋,2175,Holder
昌都达实投资发展,2176,Holder
刘磅,2177,Holder
张慧,2178,Holder
房志刚,2179,Holder
贾虹,2180,Holder
李葛卫,2181,Holder
程朋胜,2182,Holder
严立,2183,Holder
广发基金管理,2184,Holder
不列颠哥伦比亚投资管理,2185,Holder
王佳,2186,Holder
安本标准投资管理,2187,Holder
孙小航,2188,Holder
何永星,2189,Holder
李再荣,2190,Holder
杨振锋,2191,Holder
郭依勤,2192,Holder
施玉庆,2193,Holder
周毅,2194,Holder
深圳前海桢诚资产管理,2195,Holder
张志强,2196,Holder
杨海洲,2197,Holder
张大庆,2198,Holder
李小龙,2199,Holder
陈晨,2200,Holder
黄明生,2201,Holder
吴天舒,2202,Holder
张彤,2203,Holder
冯树滔,2204,Holder
于明,2205,Holder
金硕,2206,Holder
陈明平,2207,Holder
鲁峰,2208,Holder
侯伟,2209,Holder
磐厚动量资本管理,2210,Holder
福建榕基软件,2211,Holder
上海般胜投资管理,2212,Holder
赵坚,2213,Holder
胡燕英,2214,Holder
鲁波,2215,Holder
沈丰,2216,Holder
通鼎,2217,Holder
苏州吴企创基股权投资合伙企业,2218,Holder
沈小平,2219,Holder
陈海滨,2220,Holder
通鼎互联信息,2221,Holder
黄健,2222,Holder
通鼎互联信息回购专用证券账户,2223,Holder
深圳南海嘉吉金融控股,2224,Holder
江苏银河电子,2225,Holder
银河电子投资,2226,Holder
张红,2227,Holder
林超,2228,Holder
张恕华,2229,Holder
张桂英,2230,Holder
华安基金,2231,Holder
庞绍熙,2232,Holder
林增佛,2233,Holder
刘恺祥,2234,Holder
荣光,2235,Holder
莫燕玲,2236,Holder
刘肇胤,2237,Holder
新余普睿投资管理合伙企业,2238,Holder
深圳英飞拓科技,2239,Holder
JHL INFINITE LLC,2240,Holder
深圳投资控股,2241,Holder
JEFFREY ZHAOHUAI LIU,2242,Holder
石家庄通信测控技术研究所,2243,Holder
广州通信研究所,2244,Holder
深圳中科招商创业投资,2245,Holder
中电网络通信,2246,Holder
郑海艳,2247,Holder
孙洁晓,2248,Holder
袁静,2249,Holder
马洪顺,2250,Holder
罗小东,2251,Holder
赵家军,2252,Holder
石春元,2253,Holder
杜志义,2254,Holder
应妙棋,2255,Holder
热键电子,2256,Holder
严延芳,2257,Holder
陈建新,2258,Holder
徐涛,2259,Holder
张剑超,2260,Holder
金香春,2261,Holder
钟月明,2262,Holder
武美,2263,Holder
陈清州,2264,Holder
海能达通信,2265,Holder
翁丽敏,2266,Holder
曾华,2267,Holder
姜新祥,2268,Holder
招商证券资管,2269,Holder
北京银杏盛鸿投资管理,2270,Holder
刘翠英,2271,Holder
唐健,2272,Holder
深圳特区建发智慧交通投资合伙企业,2273,Holder
深圳远致富海投资管理,2274,Holder
张天虚,2275,Holder
平云英,2276,Holder
王春生,2277,Holder
吕莉,2278,Holder
练厚桂,2279,Holder
基本养老保险基金八零四组合,2280,Holder
苏州福欧克斯管理咨询合伙企业,2281,Holder
霍向琦,2282,Holder
吴敏,2283,Holder
王东辉,2284,Holder
吴新生,2285,Holder
孙志民,2286,Holder
董龙,2287,Holder
杨巧观,2288,Holder
江颖,2289,Holder
上海翊辉投资管理,2290,Holder
孔辰寅,2291,Holder
王斌,2292,Holder
张荣军,2293,Holder
马强,2294,Holder
梁润升,2295,Holder
孙慧正,2296,Holder
罗斌,2297,Holder
符翠玲,2298,Holder
GONG YAOBIN GEORGE,2299,Holder
凯银投资管理,2300,Holder
沈飒,2301,Holder
刘开同,2302,Holder
天津滨河数据信息技术,2303,Holder
赫喆,2304,Holder
杨承宏,2305,Holder
青岛城投金融控股,2306,Holder
朱烨东,2307,Holder
华融国际信托,2308,Holder
张广清,2309,Holder
徐斯平,2310,Holder
王宁,2311,Holder
齐强,2312,Holder
安梅,2313,Holder
王雅莉,2314,Holder
万能,2315,Holder
黄松浪,2316,Holder
杨磊,2317,Holder
王邦文,2318,Holder
池燕明,2319,Holder
窦昕,2320,Holder
商华忠,2321,Holder
胡勃,2322,Holder
张敏,2323,Holder
陈宝珍,2324,Holder
刘成彦,2325,Holder
储敏健,2326,Holder
陈文生,2327,Holder
张明华,2328,Holder
上银基金,2329,Holder
张友杰,2330,Holder
银江科技,2331,Holder
中证乾元资本管理,2332,Holder
浙江浙商证券资产管理,2333,Holder
陈劲光,2334,Holder
上海繁银科技,2335,Holder
屈振胜,2336,Holder
李华,2337,Holder
瑞安创享网络科技,2338,Holder
黄喜城,2339,Holder
周岭松,2340,Holder
王建良,2341,Holder
唐勇,2342,Holder
李建国,2343,Holder
毛瓯越,2344,Holder
俞步峰,2345,Holder
阿里甫·提力瓦力地,2346,Holder
丁先发,2347,Holder
蒋忠平,2348,Holder
王仕荣,2349,Holder
周旭辉,2350,Holder
易峥,2351,Holder
叶琼玖,2352,Holder
上海凯士奥信息咨询中心,2353,Holder
于浩淼,2354,Holder
王进,2355,Holder
孙奕豪,2356,Holder
王康弘,2357,Holder
钟耳顺,2358,Holder
宋关福,2359,Holder
中国科学院地理科学与资源研究所,2360,Holder
孙在宏,2361,Holder
北京超图软件,2362,Holder
南京毅达汇聚股权投资企业,2363,Holder
焦鸣,2364,Holder
北京瑞祥赛弗管理咨询中心,2365,Holder
上海诺牧投资中心,2366,Holder
华创证券支持民企发展13号单,2367,Holder
国寿安保基金,2368,Holder
邓国顺,2369,Holder
上海宜黎企业发展,2370,Holder
阮伟兴,2371,Holder
超联科技,2372,Holder
海通证券资管,2373,Holder
成晓华,2374,Holder
宁群仪,2375,Holder
陈中云,2376,Holder
周新宏,2377,Holder
封其华,2378,Holder
周勇,2379,Holder
深圳前海富银城投基金管理,2380,Holder
共青城嘉乐投资管理合伙企业,2381,Holder
新余北岸技术服务中心,2382,Holder
吴梦冰,2383,Holder
高小离,2384,Holder
王琦,2385,Holder
熊运鸿,2386,Holder
宁波梅山保税港区道泰信泉投资合伙企业,2387,Holder
王从起,2388,Holder
李宗利,2389,Holder
陆伟,2390,Holder
邝淑卿,2391,Holder
杨文庆,2392,Holder
陈友,2393,Holder
陈兵,2394,Holder
陈鲁康,2395,Holder
谢晓宾,2396,Holder
谢明,2397,Holder
谢雄友,2398,Holder
曹继东,2399,Holder
叶滨,2400,Holder
王耘,2401,Holder
王莉萍,2402,Holder
陈浩,2403,Holder
珠海世纪鼎利科技,2404,Holder
王峻峰,2405,Holder
苏爱民,2406,Holder
龚少晖,2407,Holder
吴荣光,2408,Holder
龚正伟,2409,Holder
新余利盈天投资管理中心,2410,Holder
俞卫宁,2411,Holder
张建国,2412,Holder
冯量,2413,Holder
蔡翠如,2414,Holder
盛真,2415,Holder
李瑞杰,2416,Holder
宝德科技,2417,Holder
深圳宝德投资控股,2418,Holder
乌鲁木齐南博股权投资管理合伙企业,2419,Holder
郭振忠,2420,Holder
童凤美,2421,Holder
李华旭,2422,Holder
李梅,2423,Holder
金岩,2424,Holder
其实,2425,Holder
沈友根,2426,Holder
陆丽丽,2427,Holder
鲍,2428,Holder
史佳,2429,Holder
申万秋,2430,Holder
上海言盛投资合伙企业,2431,Holder
珠海智海创信海洋科技服务合伙企业,2432,Holder
魏法军,2433,Holder
珠海劳雷海洋科技服务合伙企业,2434,Holder
刘凤芹,2435,Holder
熊模昌,2436,Holder
智汇科技投资,2437,Holder
奚峰伟,2438,Holder
王红军,2439,Holder
葛英霞,2440,Holder
刘晓露,2441,Holder
刘焱,2442,Holder
张蕾,2443,Holder
上海君犀投资管理,2444,Holder
李国忠,2445,Holder
朱华,2446,Holder
左智敏,2447,Holder
许欣,2448,Holder
吴强华,2449,Holder
中国邮政储蓄银行,2450,Holder
袁向阳,2451,Holder
宁波高斯投资,2452,Holder
郭启寅,2453,Holder
邱清华,2454,Holder
GUO ZHEN,2455,Holder
邱鸿达,2456,Holder
陈云华,2457,Holder
郑卫民,2458,Holder
郑海涛,2459,Holder
杨钧,2460,Holder
北京华海德航科技,2461,Holder
安伟,2462,Holder
柯清丽,2463,Holder
徐建林,2464,Holder
张建军,2465,Holder
张丙乾,2466,Holder
温剑锋,2467,Holder
孟宪民,2468,Holder
王冰,2469,Holder
裴军,2470,Holder
宁波梅山保税港区东岦投资合伙企业,2471,Holder
周杰,2472,Holder
厦门荣信博投资合伙企业,2473,Holder
沈阳政利投资,2474,Holder
黄雅,2475,Holder
刘奕,2476,Holder
张学君,2477,Holder
何晔,2478,Holder
陈向军,2479,Holder
李军,2480,Holder
深圳前海安信投资管理,2481,Holder
武汉春天和谐物业管理,2482,Holder
西藏五维资产管理,2483,Holder
厦门麟真贸易,2484,Holder
吴跃良,2485,Holder
林子宏,2486,Holder
黄文灿,2487,Holder
林三,2488,Holder
陈昌宏,2489,Holder
林美娜,2490,Holder
微医控股,2491,Holder
林奕芬,2492,Holder
刘双广,2493,Holder
王云兰,2494,Holder
深圳招银电信股权投资基金管理,2495,Holder
傅天耀,2496,Holder
俞仲勋,2497,Holder
张振荣,2498,Holder
石河子网维投资普通合伙企业,2499,Holder
徐奕,2500,Holder
成都国腾电子,2501,Holder
邹瀚枢,2502,Holder
陈娟,2503,Holder
姚刚,2504,Holder
深圳德懋投资发展,2505,Holder
李勤,2506,Holder
安健,2507,Holder
管庆林,2508,Holder
乐视控股,2509,Holder
贾跃亭,2510,Holder
天津嘉睿汇鑫企业管理,2511,Holder
刘弘,2512,Holder
贾跃民,2513,Holder
陈晓峰,2514,Holder
毕绍波,2515,Holder
华勇,2516,Holder
李雪虹,2517,Holder
袁伟华,2518,Holder
新疆盛凯股权投资,2519,Holder
杭州顺网科技回购专用证券账户,2520,Holder
袁木兰,2521,Holder
刘祥,2522,Holder
江汉,2523,Holder
杨艳,2524,Holder
李霞,2525,Holder
刘亚,2526,Holder
袁河,2527,Holder
袁海,2528,Holder
刘韫,2529,Holder
唐春山,2530,Holder
孙尚传,2531,Holder
安徽配天投资,2532,Holder
浙江浙商产融资产管理,2533,Holder
蚌埠城投资控股,2534,Holder
深圳大贵投资,2535,Holder
深圳大勇投资,2536,Holder
深圳大智投资,2537,Holder
江天,2538,Holder
于伟,2539,Holder
彭浩,2540,Holder
周瑾,2541,Holder
深圳君丰创富信息技术中心合伙企业,2542,Holder
杭州兴利投资,2543,Holder
刘尚军,2544,Holder
朱陆虎,2545,Holder
李丰,2546,Holder
尉剑刚,2547,Holder
牛俊杰,2548,Holder
王铁,2549,Holder
山东铁路发展基金,2550,Holder
霍卫平,2551,Holder
管连平,2552,Holder
陈益玲,2553,Holder
章祺,2554,Holder
新余仁邦时代投资管理,2555,Holder
申万菱信基金,2556,Holder
新余仁邦翰威投资管理,2557,Holder
唐庶,2558,Holder
北京安策恒兴投资,2559,Holder
陈文健,2560,Holder
刘育辰,2561,Holder
韩玉东,2562,Holder
中国国际金融香港资产管理,2563,Holder
蒋愚澄,2564,Holder
陈洁,2565,Holder
上海万豪投资,2566,Holder
上海长安信息技术咨询开发中心,2567,Holder
上海科技创业投资,2568,Holder
陈耀远,2569,Holder
石胜利,2570,Holder
陈迪清,2571,Holder
范建震,2572,Holder
北京百度网讯科技,2573,Holder
邓辉,2574,Holder
上海汉得信息技术回购专用证券账户,2575,Holder
杨虹,2576,Holder
陈志骏,2577,Holder
吴晓通,2578,Holder
李中球,2579,Holder
廖定海,2580,Holder
廖文,2581,Holder
董德伟,2582,Holder
潘惠红,2583,Holder
陈雅萍,2584,Holder
胡雪坤,2585,Holder
康宁,2586,Holder
徐子泉,2587,Holder
张友明,2588,Holder
陈同刚,2589,Holder
尹俊涛,2590,Holder
中融基金,2591,Holder
熊诚,2592,Holder
张端时,2593,Holder
陈,2594,Holder
上海中植鑫荞投资管理,2595,Holder
北京朴和恒丰投资,2596,Holder
王乾江,2597,Holder
崔健,2598,Holder
王锐,2599,Holder
胡亚军,2600,Holder
苏学武,2601,Holder
郭永芳,2602,Holder
国投智能科技,2603,Holder
李国林,2604,Holder
刘冬颖,2605,Holder
孙伯荣,2606,Holder
肖四清,2607,Holder
陈进,2608,Holder
刘智辉,2609,Holder
无锡中住,2610,Holder
陈小星,2611,Holder
王振洪,2612,Holder
周晨,2613,Holder
李欣,2614,Holder
王桂珍,2615,Holder
马晓东,2616,Holder
王育贤,2617,Holder
黄鑫虹,2618,Holder
林拥军,2619,Holder
陈路,2620,Holder
罗坚,2621,Holder
中国华录,2622,Holder
林菁,2623,Holder
郑贵祥,2624,Holder
林淑艺,2625,Holder
北京中海丰润投资管理中心,2626,Holder
王翊,2627,Holder
刘文红,2628,Holder
王义平,2629,Holder
韩江春,2630,Holder
王彤,2631,Holder
朱军红,2632,Holder
百年人寿保险,2633,Holder
杭州睿星投资管理,2634,Holder
上海申九资产管理,2635,Holder
中天国富证券,2636,Holder
上海兴业投资发展,2637,Holder
信科互动科技发展,2638,Holder
北京北信科大资产管理,2639,Holder
吴建昕,2640,Holder
荣实,2641,Holder
上海,2642,Holder
毕然,2643,Holder
令狐永兴,2644,Holder
曾丹,2645,Holder
詹立雄,2646,Holder
北京银信长远科技回购专用证券账户,2647,Holder
乔明德,2648,Holder
陈贵阳,2649,Holder
于本宏,2650,Holder
陈慰忠,2651,Holder
张文凯,2652,Holder
黄元忠,2653,Holder
黄晓峰,2654,Holder
陈克让,2655,Holder
北京嘉豪伟业投资中心,2656,Holder
衷唯菁,2657,Holder
杨颖,2658,Holder
邱婉,2659,Holder
王定国,2660,Holder
前海开源基金,2661,Holder
蔡玉栋,2662,Holder
深圳裕龙资本投资管理,2663,Holder
苏博,2664,Holder
北京新润投资,2665,Holder
邹月普,2666,Holder
武汉昭融汇利投资管理,2667,Holder
姜蓓蓓,2668,Holder
楼晔,2669,Holder
杜力耘,2670,Holder
新华基金,2671,Holder
赵利宾,2672,Holder
杨维国,2673,Holder
华梦阳,2674,Holder
马明海,2675,Holder
尚卫国,2676,Holder
付秋生,2677,Holder
刘恩臣,2678,Holder
杜建平,2679,Holder
傅常顺,2680,Holder
金兰,2681,Holder
洪爱金,2682,Holder
中国银河证券,2683,Holder
杭州初灵信息技术,2684,Holder
都辉,2685,Holder
管洁明,2686,Holder
钱国华,2687,Holder
刘群杰,2688,Holder
徐正,2689,Holder
刘宁,2690,Holder
周炜,2691,Holder
王英,2692,Holder
周成,2693,Holder
陈坤江,2694,Holder
黄超,2695,Holder
黎虹,2696,Holder
夏慧敏,2697,Holder
杨林弟,2698,Holder
褚雯丽,2699,Holder
孟鹰,2700,Holder
吴为才,2701,Holder
叶萍,2702,Holder
朱广信,2703,Holder
石旭刚,2704,Holder
杭州衡顺投资管理合伙企业,2705,Holder
何树新,2706,Holder
陈根财,2707,Holder
樊洁琛,2708,Holder
陈若冰,2709,Holder
郑银翡,2710,Holder
任刚,2711,Holder
邵学,2712,Holder
四川发展大数据产业投资,2713,Holder
首域投资管理,2714,Holder
任连明,2715,Holder
叶立胜,2716,Holder
马焰,2717,Holder
嘉兴合丰投资合伙企业,2718,Holder
吴秀兰,2719,Holder
张健媛,2720,Holder
哈尔滨瑞汇商贸,2721,Holder
孔飙,2722,Holder
深圳盘古天地产业投资,2723,Holder
邢文飚,2724,Holder
杭州金融投资,2725,Holder
王文清,2726,Holder
福建卓丰投资合伙企业,2727,Holder
刘胜坤,2728,Holder
黄晋晋,2729,Holder
杨天骄,2730,Holder
刘昕,2731,Holder
上海迎睿投资管理,2732,Holder
赵经纬,2733,Holder
杨振华,2734,Holder
曹忻军,2735,Holder
陈洪顺,2736,Holder
王守言,2737,Holder
陈剑栋,2738,Holder
史红军,2739,Holder
王伟,2740,Holder
靳国文,2741,Holder
黄国宏,2742,Holder
刘玲,2743,Holder
贵阳朗玛投资咨询企业,2744,Holder
邬凌云,2745,Holder
上海广文投资管理,2746,Holder
秦毅,2747,Holder
辽宁国科实业,2748,Holder
邵奕楠,2749,Holder
沈阳惜远石油化工,2750,Holder
徐州瀚举创业投资合伙企业,2751,Holder
杭州乐信投资管理,2752,Holder
沈阳源远石油化工,2753,Holder
付艳杰,2754,Holder
钟小春,2755,Holder
马路丁,2756,Holder
胡霞,2757,Holder
万卫方,2758,Holder
薛枫,2759,Holder
韩瑞琴,2760,Holder
王凤飞,2761,Holder
北京金信华创股权投资中心,2762,Holder
周文庆,2763,Holder
北京中票国际投资管理,2764,Holder
胡光辉,2765,Holder
西藏暄昱企业管理,2766,Holder
程鹏,2767,Holder
章海林,2768,Holder
邢炜,2769,Holder
江苏三六五网络回购专用证券账户,2770,Holder
马鞍山网景投资管理,2771,Holder
肖基昌,2772,Holder
柯宗庆,2773,Holder
柯宗贵,2774,Holder
深圳博益投资发展,2775,Holder
中经汇通,2776,Holder
南平瑞兴达股权投资合伙企业,2777,Holder
范玉华,2778,Holder
郑鸿娇,2779,Holder
缪品章,2780,Holder
福建富春投资,2781,Holder
平潭奥德投资管理,2782,Holder
冯建华,2783,Holder
吴景珍,2784,Holder
冯美娟,2785,Holder
吴艳,2786,Holder
平潭创新股权投资合伙企业,2787,Holder
汉鼎宇佑,2788,Holder
杭州新安实业投资,2789,Holder
浙江福士达,2790,Holder
杭州雄健投资合伙企业,2791,Holder
浙江鑫丰实业,2792,Holder
蒋伟伟,2793,Holder
孙洪亮,2794,Holder
沈晶,2795,Holder
周泽湘,2796,Holder
佟易虹,2797,Holder
杨永松,2798,Holder
杨建利,2799,Holder
合肥红宝石创投,2800,Holder
国新融智基金管理,2801,Holder
杨全玉,2802,Holder
章向东,2803,Holder
童文伟,2804,Holder
史亚洲,2805,Holder
钟飞鹏,2806,Holder
方炎林,2807,Holder
吴伟生,2808,Holder
樟树物联天诚投资管理中心,2809,Holder
汇银富通资产管理,2810,Holder
唐军,2811,Holder
LI HAI XIA,2812,Holder
景晓东,2813,Holder
景晓军,2814,Holder
深圳华信行投资合伙企业,2815,Holder
高立新,2816,Holder
张晶,2817,Holder
陈洁莹,2818,Holder
黄俊瑞,2819,Holder
天津云鲁冀科技发展中心,2820,Holder
石河子融铭道股权投资合伙企业,2821,Holder
深圳鼎益丰基金投资管理,2822,Holder
郑志伟,2823,Holder
赵玮芬,2824,Holder
王岩,2825,Holder
周江桥,2826,Holder
张庆文,2827,Holder
戴芙蓉,2828,Holder
邓攀,2829,Holder
姚文彬,2830,Holder
刘惠城,2831,Holder
林芝腾讯科技,2832,Holder
北京掌趣科技回购专用证券账户,2833,Holder
林盛忠,2834,Holder
西藏硕贝德控股,2835,Holder
温巧夫,2836,Holder
朱坤华,2837,Holder
朱旭东,2838,Holder
冯智威,2839,Holder
金宗旗,2840,Holder
许福林,2841,Holder
陈江涛,2842,Holder
西藏泰豪智能技术,2843,Holder
刘明,2844,Holder
白巍,2845,Holder
蔡厚富,2846,Holder
刘希平,2847,Holder
北京达麟投资管理,2848,Holder
章曙,2849,Holder
席丹,2850,Holder
范茂陆,2851,Holder
赵海,2852,Holder
徐鹏,2853,Holder
上海申腾信息技术,2854,Holder
上海华虹,2855,Holder
魏恺言,2856,Holder
新疆晁骏股权投资,2857,Holder
李小飞,2858,Holder
韩国银行,2859,Holder
张江,2860,Holder
赵颖,2861,Holder
简兆麟,2862,Holder
姚宁,2863,Holder
江苏润和科技投资,2864,Holder
南京国资混改基金,2865,Holder
服务贸易创新发展引导基金,2866,Holder
周红卫,2867,Holder
江苏润和软件回购专用证券账户,2868,Holder
宁波宏创股权投资合伙企业,2869,Holder
魏锋,2870,Holder
王长春,2871,Holder
深圳腾讯信息技术,2872,Holder
张烨,2873,Holder
包海亮,2874,Holder
徐江,2875,Holder
屈鸿京,2876,Holder
郑康,2877,Holder
何碧柯,2878,Holder
林皓,2879,Holder
孙燕琪,2880,Holder
王晓峰,2881,Holder
赵红宇,2882,Holder
吴荣,2883,Holder
薛百华,2884,Holder
林亚女,2885,Holder
吴帝康,2886,Holder
李平,2887,Holder
北京大兴投资,2888,Holder
吴作佳,2889,Holder
北京中海盈创投资管理中心,2890,Holder
宋永清,2891,Holder
李凡,2892,Holder
邱克,2893,Holder
南昌经济技术开发区中文旭顺企业管理合伙企业,2894,Holder
陈炽昌,2895,Holder
中山交通发展,2896,Holder
全鼎资本管理,2897,Holder
中山教育科技,2898,Holder
林小雅,2899,Holder
杨志鹏,2900,Holder
江春华,2901,Holder
罗新伟,2902,Holder
方文,2903,Holder
陈显龙,2904,Holder
胡宝良,2905,Holder
李玉白,2906,Holder
龚霄,2907,Holder
王晓明,2908,Holder
贵州铁路发展基金管理,2909,Holder
黎静,2910,Holder
陆文斌,2911,Holder
王晓伟,2912,Holder
边艺,2913,Holder
邹文静,2914,Holder
雷厉,2915,Holder
四川集成电路和信息安全产业投资基金,2916,Holder
杜广湘,2917,Holder
郭军,2918,Holder
刘光,2919,Holder
川投信息产业,2920,Holder
蒋宗文,2921,Holder
高军,2922,Holder
宋辉俊,2923,Holder
西藏天阔数码科技,2924,Holder
孙东利,2925,Holder
沈继业,2926,Holder
中电科股权投资基金管理,2927,Holder
中电基金管理,2928,Holder
启迪科技服务,2929,Holder
雷岩投资,2930,Holder
上海中汇金锐投资管理,2931,Holder
周云杉,2932,Holder
唐球,2933,Holder
鄢建红,2934,Holder
张列,2935,Holder
鄢建兵,2936,Holder
黄熠,2937,Holder
富安达基金,2938,Holder
庞军,2939,Holder
梁凯莉,2940,Holder
袁琴美,2941,Holder
徐荣华,2942,Holder
MEGA PARTNER HOLDING LIMITED,2943,Holder
陈海华,2944,Holder
TALENT GAIN DEVELOPMENTS LIMITED,2945,Holder
STEP BEST HOLDING LIMITED,2946,Holder
TOP PARTNER HOLDING LIMITED,2947,Holder
Digital China SoftwareLimited,2948,Holder
朱律玮,2949,Holder
张齐春,2950,Holder
北京东方通科技,2951,Holder
朱海东,2952,Holder
吴志辉,2953,Holder
李惠敏,2954,Holder
李宁,2955,Holder
侯小东,2956,Holder
上海安硕科技发展,2957,Holder
高勇,2958,Holder
高鸣,2959,Holder
翟涛,2960,Holder
祝若川,2961,Holder
谢俊元,2962,Holder
李春云,2963,Holder
杨俊武,2964,Holder
舟山百汇达股权投资管理合伙企业,2965,Holder
金福沈,2966,Holder
耿桂芳,2967,Holder
共青城云创投资管理合伙企业,2968,Holder
徐庆良,2969,Holder
上海并购股权投资基金合伙企业,2970,Holder
李春生,2971,Holder
黄煜,2972,Holder
陆舟,2973,Holder
韩雪峰,2974,Holder
于华章,2975,Holder
刘钜诚,2976,Holder
沈同兵,2977,Holder
陆建平,2978,Holder
裴振华,2979,Holder
容建芬,2980,Holder
陈世辉,2981,Holder
赵阳民,2982,Holder
冯忠,2983,Holder
冯志凌,2984,Holder
王珩,2985,Holder
余树权,2986,Holder
赖鸿就,2987,Holder
廖东城,2988,Holder
徐炜,2989,Holder
青岛浩基资产管理,2990,Holder
特思尔大宇宙投资咨询,2991,Holder
北京汇金立方投资管理中心,2992,Holder
杨斌斌,2993,Holder
江华,2994,Holder
苏州追梦人投资管理,2995,Holder
苏州天孚仁和投资管理,2996,Holder
朱国栋,2997,Holder
鹏华基金,2998,Holder
宁华桥,2999,Holder
张发群,3000,Holder
贺增林,3001,Holder
黄晓明,3002,Holder
周洪亮,3003,Holder
郭旺,3004,Holder
刘丹英,3005,Holder
陕西金达投资基金合伙企业,3006,Holder
钱永耀,3007,Holder
钱永美,3008,Holder
江阴鑫源投资,3009,Holder
天津智汇投资合伙企业,3010,Holder
上饶数字和金融产业投资,3011,Holder
周亚辉,3012,Holder
李琼,3013,Holder
新余盈瑞世纪软件研发中心,3014,Holder
陈珍妮,3015,Holder
王立伟,3016,Holder
北京昆仑万维科技回购专用证券账户,3017,Holder
李卫东,3018,Holder
杨志锋,3019,Holder
袁淑兰,3020,Holder
于泽,3021,Holder
张召辉,3022,Holder
李晓焕,3023,Holder
李惠波,3024,Holder
孙成文,3025,Holder
成都运达科技回购专用证券账户,3026,Holder
成都运达创新科技,3027,Holder
曲水知创永盛企业管理,3028,Holder
成都大诚投资,3029,Holder
石静,3030,Holder
袁铁,3031,Holder
宁波梅山保税港区锦泰投资管理合伙企业,3032,Holder
林燕,3033,Holder
浩云科技回购专用证券账户,3034,Holder
徐嘉韵,3035,Holder
徐彪,3036,Holder
袁小康,3037,Holder
雷洪文,3038,Holder
茅庆江,3039,Holder
茅屏萍,3040,Holder
梁凤转,3041,Holder
吴德云,3042,Holder
王立群,3043,Holder
北京青旅中兵资产管理,3044,Holder
赵林,3045,Holder
刘海斌,3046,Holder
李朝阳,3047,Holder
宁波汉银投资咨询合伙企业,3048,Holder
陈敬峰,3049,Holder
王林,3050,Holder
包钢,3051,Holder
包头钢铁,3052,Holder
嘉鑫,3053,Holder
中国北方稀土高科技回购专用证券账户,3054,Holder
包头钢兴实业,3055,Holder
张炜,3056,Holder
林少强,3057,Holder
张兰,3058,Holder
刘玉庆,3059,Holder
MORGAN STANLEY & CO.INTERNATIONAL PLC.,3060,Holder
范钦宝,3061,Holder
张秀娟,3062,Holder
杨建民,3063,Holder
四川恒康发展,3064,Holder
范菲,3065,Holder
UBS  AG,3066,Holder
刘自力,3067,Holder
陈华君,3068,Holder
蒙棣良,3069,Holder
山东怡力电业,3070,Holder
南山,3071,Holder
芜湖恒鑫铜业,3072,Holder
霍尔果斯船山文化传媒,3073,Holder
芜湖楚恒投资管理中心,3074,Holder
王敏,3075,Holder
赵文浩,3076,Holder
钱勇,3077,Holder
王绍林,3078,Holder
陈锦棠,3079,Holder
桑勇,3080,Holder
侯皓天,3081,Holder
中国东方资产管理海南分,3082,Holder
龚灏洋,3083,Holder
上海珺容投资管理,3084,Holder
广东稀土产业,3085,Holder
武威塑料包装,3086,Holder
武威荣华工贸,3087,Holder
赵庆,3088,Holder
黄海彬,3089,Holder
甘肃陇原实业,3090,Holder
闻唯,3091,Holder
黄松,3092,Holder
黄航,3093,Holder
陈露,3094,Holder
杨明君,3095,Holder
赵睿,3096,Holder
陈金星,3097,Holder
金花投资控股,3098,Holder
百步亭,3099,Holder
成都科甲投资开发,3100,Holder
四川濠吉食品,3101,Holder
新华联控股,3102,Holder
四川宏达实业,3103,Holder
中国环球新技术进出口,3104,Holder
新疆塔城国际资源,3105,Holder
上海歌石祥金投资合伙企业,3106,Holder
江西铜业,3107,Holder
洪文晖,3108,Holder
刘丁,3109,Holder
中国五矿,3110,Holder
招商财富资产,3111,Holder
中建资本控股,3112,Holder
华宝证券,3113,Holder
深圳平安置业投资,3114,Holder
长沙矿冶研究院,3115,Holder
中远海运发展,3116,Holder
颐和银丰天元,3117,Holder
中国农业银行吉林分行,3118,Holder
吉林吉恩镍业破产企业财产处置专用账户,3119,Holder
兴全基金,3120,Holder
东方基金,3121,Holder
长安基金,3122,Holder
中国银行吉林分行,3123,Holder
吉林昊融,3124,Holder
国家开发银行,3125,Holder
吉林中泽昊融,3126,Holder
黄敬斐,3127,Holder
陈晓军,3128,Holder
大家人寿保险,3129,Holder
杨,3130,Holder
宝钛,3131,Holder
淦彤胜,3132,Holder
红塔创新投资,3133,Holder
杨洪,3134,Holder
乔祥胜,3135,Holder
曹仁均,3136,Holder
彭世勇,3137,Holder
云南贵金属新材料控股,3138,Holder
农银金融资产投资,3139,Holder
北京东富国创投资管理中心,3140,Holder
中国国新资产管理,3141,Holder
中银资产基金管理,3142,Holder
中国黄金,3143,Holder
云南驰宏锌锗,3144,Holder
李维明,3145,Holder
华能澜沧江水电,3146,Holder
郑积华,3147,Holder
珠海金润中泽投资中心,3148,Holder
华能贵诚信托,3149,Holder
苏庭宝,3150,Holder
云南冶金,3151,Holder
信诚基金,3152,Holder
张其荣,3153,Holder
王跃岭,3154,Holder
徐斌,3155,Holder
北京大观投资管理,3156,Holder
李荣国,3157,Holder
中国黄金资产管理,3158,Holder
济源投资,3159,Holder
河南豫光金铅,3160,Holder
山东国有资产投资控股,3161,Holder
山东黄金,3162,Holder
山东黄金地质矿产勘查,3163,Holder
山东黄金有色矿业,3164,Holder
山东黄金青岛黄金,3165,Holder
上海核威投资,3166,Holder
福建投资开发,3167,Holder
南京高科,3168,Holder
日本联合材料株式会社,3169,Holder
五矿有色金属,3170,Holder
福建稀有稀土,3171,Holder
厦门豫联投资合伙企业,3172,Holder
河南豫联能源,3173,Holder
蔡莉萍,3174,Holder
赵春明,3175,Holder
孙金奎,3176,Holder
周仁瑀,3177,Holder
巩义国有资产投资经营,3178,Holder
杨纪元,3179,Holder
袁灵斌,3180,Holder
乳源瑶族自治县东阳光企业管理,3181,Holder
广东东阳光科技控股回购专用证券账户,3182,Holder
乳源阳之光铝业发展,3183,Holder
宜昌东阳光药业,3184,Holder
深圳东阳光实业发展,3185,Holder
深圳事必安投资,3186,Holder
烟台速源股权投资基金合伙企业,3187,Holder
深圳盛屯,3188,Holder
林奋生,3189,Holder
刘强,3190,Holder
姚雄杰,3191,Holder
代长琴,3192,Holder
珠海科立泰贸易,3193,Holder
羊稚文,3194,Holder
张少光,3195,Holder
陈敏,3196,Holder
周筱珊,3197,Holder
王敬春,3198,Holder
董伟,3199,Holder
国网青海电力,3200,Holder
青海金星矿业,3201,Holder
青海投资,3202,Holder
林舒月,3203,Holder
陶婷婷,3204,Holder
孙志娟,3205,Holder
陈荣,3206,Holder
吴云兴,3207,Holder
王文霞,3208,Holder
戚家伟,3209,Holder
周爽,3210,Holder
宁波富邦控股,3211,Holder
"JPMORGAN CHASE BANK,NATIONAL   ASSOCIATION",3212,Holder
郑强,3213,Holder
新疆宏联创业投资,3214,Holder
深圳博鼎华象投资合伙企业,3215,Holder
新疆凯迪投资,3216,Holder
江苏云石投资管理,3217,Holder
珠海格力电器,3218,Holder
云南博闻科技实业,3219,Holder
特变电工,3220,Holder
湖南有色金属,3221,Holder
株洲冶炼,3222,Holder
周恒,3223,Holder
谢文澄,3224,Holder
冯伯楠,3225,Holder
曾仙英,3226,Holder
湖南财信经济投资,3227,Holder
鞍钢,3228,Holder
唐四霞,3229,Holder
谢朝春,3230,Holder
宁波见睿投资咨询,3231,Holder
宁波博威合金材料回购专用证券账户,3232,Holder
宁波梅山保税港区隽瑞投资合伙企业,3233,Holder
宁波博威金石投资,3234,Holder
博威亚太,3235,Holder
博威,3236,Holder
张武,3237,Holder
中国对外经济贸易信托,3238,Holder
海通资管,3239,Holder
新疆同裕股权投资,3240,Holder
林泗华,3241,Holder
西部矿业,3242,Holder
中国铝业,3243,Holder
深圳招平中铝投资中心,3244,Holder
包头铝业,3245,Holder
王占标,3246,Holder
马廷义,3247,Holder
雷敬国,3248,Holder
马廷耀,3249,Holder
中科沃土基金,3250,Holder
马跃平,3251,Holder
化新民,3252,Holder
李可伟,3253,Holder
闽西兴杭国有资产投资经营,3254,Holder
邓志华,3255,Holder
太原钢铁,3256,Holder
中色东方,3257,Holder
莫常春,3258,Holder
金堆城钼业,3259,Holder
湛泽权,3260,Holder
广东广晟有色金属,3261,Holder
云南铜业,3262,Holder
广东广晟金融控股,3263,Holder
中信保诚基金,3264,Holder
深圳广晟投资发展,3265,Holder
广东广晟资产经营,3266,Holder
吉祥,3267,Holder
内蒙古兴业,3268,Holder
甘肃西北矿业,3269,Holder
赤峰富龙公用,3270,Holder
李献来,3271,Holder
吉伟,3272,Holder
吉喆,3273,Holder
宁波梅山保税港区东芷投资合伙企业,3274,Holder
李佩,3275,Holder
赵舒起,3276,Holder
深圳前海九五企业,3277,Holder
中融资管,3278,Holder
盟科投资控股,3279,Holder
安徽盛运环保,3280,Holder
章建新,3281,Holder
王镇孝,3282,Holder
谢伟,3283,Holder
赵满堂,3284,Holder
三河华冠资源技术,3285,Holder
赤峰红烨投资,3286,Holder
天津祥龙企业管理,3287,Holder
赣州希桥置业发展,3288,Holder
甘肃盛达,3289,Holder
王颖,3290,Holder
王鹏飞,3291,Holder
秦彦,3292,Holder
北京美瑞泰富置业,3293,Holder
焦作万方,3294,Holder
嘉益投资管理,3295,Holder
樟树和泰安成投资管理中心,3296,Holder
杭州金投锦众投资合伙企业,3297,Holder
上海彤关投资管理合伙企业,3298,Holder
珠海横琴量行投资管理,3299,Holder
吴灶才,3300,Holder
长江养老保险,3301,Holder
中国铁建投资,3302,Holder
铜陵有色金属控股,3303,Holder
山东惠瀚产业发展,3304,Holder
国新双百壹号,3305,Holder
湖南国企改革发展基金管理,3306,Holder
天津中冀万泰投资管理,3307,Holder
济南文景投资合伙企业,3308,Holder
湖北高投产控投资,3309,Holder
海南金元投资控股,3310,Holder
张政,3311,Holder
四川富润企业重组投资,3312,Holder
咸阳能源开发投资,3313,Holder
上海铂祥投资管理中心,3314,Holder
卢伟刚,3315,Holder
姜鹏飞,3316,Holder
熊文军,3317,Holder
郭晓钰,3318,Holder
狄文,3319,Holder
刘志刚,3320,Holder
宋玉荣,3321,Holder
常卫国,3322,Holder
纪彦禹,3323,Holder
郑通韩,3324,Holder
曾凡启,3325,Holder
中冶葫芦岛有色金属,3326,Holder
长江证券,3327,Holder
罗小春,3328,Holder
中矿国际投资,3329,Holder
万向资源,3330,Holder
中国有色矿业,3331,Holder
华伟忠,3332,Holder
张知,3333,Holder
王伟明,3334,Holder
瑞士嘉盛银行,3335,Holder
西藏自治区投资,3336,Holder
杭州华泰信投资管理,3337,Holder
西藏藏华工贸,3338,Holder
西藏自治区矿业发展总,3339,Holder
周传明,3340,Holder
赵旭东,3341,Holder
中央企业贫困地区产业投资基金,3342,Holder
杨风英,3343,Holder
金鹏期货经纪,3344,Holder
常清,3345,Holder
五矿稀土,3346,Holder
中国长城资产管理,3347,Holder
中国大唐,3348,Holder
深圳金汇期货经纪,3349,Holder
迪庆藏族自治州开发投资,3350,Holder
云南融智投资,3351,Holder
云南锡业,3352,Holder
建信人寿保险,3353,Holder
农银汇理资产,3354,Holder
云南惠君投资合伙企业,3355,Holder
沈朦,3356,Holder
葛凯,3357,Holder
王武海,3358,Holder
胡乾眷,3359,Holder
沈荣贵,3360,Holder
唐为崇,3361,Holder
章高通,3362,Holder
庄惠,3363,Holder
万邦德,3364,Holder
赵守明,3365,Holder
嘉兴嘉昊九鼎投资中心,3366,Holder
温岭惠邦投资咨询,3367,Holder
温岭富邦投资咨询,3368,Holder
江苏中茂节能环保产业创业投资基金合伙企业,3369,Holder
青岛同印信投资,3370,Holder
湖州织里镇资产经营,3371,Holder
南京金茂中医药产业创业投资合伙企业,3372,Holder
汪清春,3373,Holder
孙雯雯,3374,Holder
罗平县锌电,3375,Holder
王秀金,3376,Holder
银华财富资本,3377,Holder
华融晋商资产管理,3378,Holder
中国有色金属工业技术开发交流中心,3379,Holder
鞍钢资本控股,3380,Holder
赵岩,3381,Holder
罗伟明,3382,Holder
王新进,3383,Holder
翟大军,3384,Holder
西安航天科技工业,3385,Holder
西北有色金属研究院,3386,Holder
杭州锦成盛资产管理,3387,Holder
李文生,3388,Holder
林仁平,3389,Holder
株洲国有资产投资控股,3390,Holder
湖南黄金,3391,Holder
朱明,3392,Holder
常熟铝箔厂,3393,Holder
周卫平,3394,Holder
张平,3395,Holder
上海朗助实业发展,3396,Holder
上海朗诣实业发展,3397,Holder
中航资本产业投资,3398,Holder
常熟发展投资,3399,Holder
上海烜鼎资产管理,3400,Holder
上海常春藤投资控股,3401,Holder
陈潮钿,3402,Holder
余瑞国,3403,Holder
丁湘莹,3404,Holder
金华农合联投资,3405,Holder
金华裕华棉茧,3406,Holder
金华农业生产资料,3407,Holder
金华穗丰农资,3408,Holder
青岛国信金融控股,3409,Holder
龙蟒佰利联,3410,Holder
汤优钢,3411,Holder
安徽楚江投资,3412,Holder
缪云良,3413,Holder
安徽楚江科技新材料回购专用证券账户,3414,Holder
曹文玉,3415,Holder
新疆顶立汇智股权投资合伙企业,3416,Holder
安徽楚江科技新材料,3417,Holder
航发基金管理,3418,Holder
梅小明,3419,Holder
上海固信投资控股,3420,Holder
孙讯,3421,Holder
宝钢金属,3422,Holder
朱张泉,3423,Holder
海亮,3424,Holder
Z&P ENTERPRISES LLC,3425,Holder
浙江海亮慈善基金会,3426,Holder
冯海良,3427,Holder
陈东,3428,Holder
杨林,3429,Holder
王家好,3430,Holder
烟台恒邦,3431,Holder
王信恩,3432,Holder
王卫列,3433,Holder
何旺银,3434,Holder
广东贵裕宝投资,3435,Holder
苏州荣翔投资发展,3436,Holder
周永波,3437,Holder
张营,3438,Holder
芜湖长元股权投资基金,3439,Holder
刘勇华,3440,Holder
北京宏远创佳控股,3441,Holder
南通三建控股,3442,Holder
钱芳,3443,Holder
罗普斯金控股,3444,Holder
中亿丰控股,3445,Holder
邱新华,3446,Holder
任欣,3447,Holder
沈治国,3448,Holder
苏汽,3449,Holder
陈笑笑,3450,Holder
傅文臣,3451,Holder
闵其顺,3452,Holder
深圳中植产投环保投资合伙企业,3453,Holder
北京京能同鑫投资管理,3454,Holder
深圳汇丰源投资,3455,Holder
孙国珍,3456,Holder
崇义章源投资控股,3457,Holder
崇义章源钨业回购专用证券账户,3458,Holder
梁淑娴,3459,Holder
邬伟民,3460,Holder
丁伟建,3461,Holder
侯建湘,3462,Holder
曹永刚,3463,Holder
黄启阶,3464,Holder
王连永,3465,Holder
山东宏桥新型材料,3466,Holder
于荣强,3467,Holder
郭茂秋,3468,Holder
吴秋梅,3469,Holder
洪伟,3470,Holder
张海涛,3471,Holder
张丽波,3472,Holder
章承宝,3473,Holder
张培顺,3474,Holder
区国辉,3475,Holder
临沧飞翔冶炼,3476,Holder
云南东兴实业,3477,Holder
云南核工业二O九地质大队,3478,Holder
吴红平,3479,Holder
彭平良,3480,Holder
吴银河,3481,Holder
颜有燕,3482,Holder
杨八金,3483,Holder
曹志昂,3484,Holder
王晓申,3485,Holder
李良彬,3486,Holder
黄闻,3487,Holder
沈海博,3488,Holder
王民,3489,Holder
张永侠,3490,Holder
长城国泰,3491,Holder
阿拉山口弘通股权投资合伙企业,3492,Holder
冀丹,3493,Holder
周吉,3494,Holder
周福海,3495,Holder
项洪伟,3496,Holder
于丽芬,3497,Holder
无锡金投领航产业升级并购投资企业,3498,Holder
江苏亚太轻合金科技回购专用证券账户,3499,Holder
湖北国有资本运营,3500,Holder
兴银基金,3501,Holder
黄文乐,3502,Holder
福建闽发铝业回购专用证券账户,3503,Holder
上饶城建设投资开发,3504,Holder
黄天火,3505,Holder
黄印电,3506,Holder
黄长远,3507,Holder
露笑,3508,Holder
深圳东方创业投资,3509,Holder
鲁永,3510,Holder
鲁小均,3511,Holder
嘉兴金熹投资合伙企业,3512,Holder
何小妹,3513,Holder
董彪,3514,Holder
平度新力通企业管理咨询中心,3515,Holder
中国钢研科技,3516,Holder
王兴雷,3517,Holder
林香英,3518,Holder
中国航发资产管理,3519,Holder
盛文兰,3520,Holder
华美国际投资,3521,Holder
中国保利,3522,Holder
保利南方,3523,Holder
楼忠福,3524,Holder
广厦控股,3525,Holder
广厦建设,3526,Holder
卢振华,3527,Holder
楼明,3528,Holder
杭州股权管理中心,3529,Holder
浙江广厦投资,3530,Holder
宫和云,3531,Holder
王辉,3532,Holder
拉萨昆吾九鼎产业投资管理,3533,Holder
江西中江,3534,Holder
赵辉,3535,Holder
孙敏,3536,Holder
蔡自巍,3537,Holder
陈雪明,3538,Holder
金洪正,3539,Holder
查国平,3540,Holder
郭云平,3541,Holder
福建丰榕投资,3542,Holder
冠城大通回购专用证券账户,3543,Holder
STARLEX LIMITED,3544,Holder
李晓珍,3545,Holder
林庄喜,3546,Holder
冠城大通,3547,Holder
上海德骥投资管理,3548,Holder
俞建午,3549,Holder
青岛兴建投资发展,3550,Holder
赖雄杰,3551,Holder
单英浩,3552,Holder
宋都基业投资,3553,Holder
宋都基业投资回购专用证券账户,3554,Holder
郭轶娟,3555,Holder
浙江宋都控股,3556,Holder
李海雄,3557,Holder
林惠明,3558,Holder
钱军,3559,Holder
钱菊芳,3560,Holder
蒋海滨,3561,Holder
周新勇,3562,Holder
程洁,3563,Holder
陈月华,3564,Holder
天津华苑置业,3565,Holder
天津海泰控股,3566,Holder
俞凯,3567,Holder
名城企业管理,3568,Holder
俞丽,3569,Holder
陈华云,3570,Holder
俞锦,3571,Holder
俞培明,3572,Holder
徐剑明,3573,Holder
华鑫国际信托,3574,Holder
湖南华升,3575,Holder
新湖控股,3576,Holder
国网英大国际控股,3577,Holder
新湖中宝,3578,Holder
山西和信电力发展,3579,Holder
俞剑龙,3580,Holder
湖南电广传媒,3581,Holder
张逢尧,3582,Holder
浙江东方,3583,Holder
胡政,3584,Holder
胡再富,3585,Holder
孟文莹,3586,Holder
官金华,3587,Holder
陈学军,3588,Holder
朱贤芳,3589,Holder
吴彩东,3590,Holder
湖北建设投资,3591,Holder
湖北联合发展投资,3592,Holder
武汉长江通信产业,3593,Holder
青岛金石灏汭投资,3594,Holder
徐文辉,3595,Holder
钱超,3596,Holder
深圳天风天成资产管理,3597,Holder
武汉德兴建业产业园投资运营,3598,Holder
广州立创五号实业投资合伙企业,3599,Holder
金萍奕,3600,Holder
陈丽娟,3601,Holder
韩立新,3602,Holder
董志明,3603,Holder
张鸿,3604,Holder
高园园,3605,Holder
唐闲新,3606,Holder
陶磊,3607,Holder
北京顺义大龙城乡建设开发总,3608,Holder
深圳香江控股回购专用证券账户,3609,Holder
深圳香江股权投资管理,3610,Holder
香江,3611,Holder
深圳金海马实业,3612,Holder
南方香江,3613,Holder
贺洁,3614,Holder
朱雪松,3615,Holder
浙江卧龙置业投资,3616,Holder
王杰,3617,Holder
应丹丹,3618,Holder
陈金海,3619,Holder
卧龙控股,3620,Holder
朱伟,3621,Holder
刘卫凯,3622,Holder
俞建文,3623,Holder
闻掌华,3624,Holder
杭州五湖投资合伙企业,3625,Holder
德清百盛股权投资合伙企业,3626,Holder
杭州志恒投资合伙企业,3627,Holder
德清涌金股权投资合伙企业,3628,Holder
嘉实资本,3629,Holder
北京首都开发控股,3630,Holder
陈伟英,3631,Holder
铜陵国有资本运营控股,3632,Holder
广州金融控股,3633,Holder
珠海投资控股,3634,Holder
格力地产回购专用证券账户,3635,Holder
黄伟,3636,Holder
宁波嘉源实业发展,3637,Holder
浙江恒兴力控股,3638,Holder
中国北方工业,3639,Holder
新湖中宝回购专用证券账户,3640,Holder
华澳国际信托,3641,Holder
黄淑卿,3642,Holder
上海方大投资管理,3643,Holder
淄博城资产运营,3644,Holder
鲁商,3645,Holder
山东世界贸易中心,3646,Holder
博山万通达建筑安装,3647,Holder
山东商业,3648,Holder
张小忠,3649,Holder
天津滨海发展投资控股,3650,Holder
天津津诚国有资本投资运营,3651,Holder
上海沅乙投资中心,3652,Holder
吴荷月,3653,Holder
高建明,3654,Holder
戚跃明,3655,Holder
吴军,3656,Holder
陈燕南,3657,Holder
袁黎平,3658,Holder
蒋安奕,3659,Holder
林振洪,3660,Holder
徐加平,3661,Holder
叶秋云,3662,Holder
云南城建设投资,3663,Holder
云南小龙潭矿务局,3664,Holder
宋晓芳,3665,Holder
江成林,3666,Holder
徐红,3667,Holder
华业发展,3668,Holder
重庆玖威医疗科技,3669,Holder
重庆禄垚医疗科技,3670,Holder
重庆满垚医疗科技,3671,Holder
熊永,3672,Holder
叶少荣,3673,Holder
程书广,3674,Holder
王国华,3675,Holder
宁波阡誓企业管理合伙企业,3676,Holder
嘉华东方控股,3677,Holder
万通投资控股,3678,Holder
GLP Capital Investment 4Limited,3679,Holder
北京万通新发展回购专用证券账户,3680,Holder
曹慧利,3681,Holder
赵晓东,3682,Holder
北京方顺科技,3683,Holder
北京城建投资发展回购专用证券账户,3684,Holder
北京城建,3685,Holder
汇天泽投资,3686,Holder
丁亚南,3687,Holder
丁素娥,3688,Holder
徐仁桥,3689,Holder
方英,3690,Holder
游崇灏,3691,Holder
天津国有资本投资运营,3692,Holder
天津房地产,3693,Holder
上海锦江国际投资管理,3694,Holder
上海针织漂染二厂,3695,Holder
刘壮成,3696,Holder
上海景林资产管理,3697,Holder
王秀英,3698,Holder
邓兆强,3699,Holder
张忠刚,3700,Holder
珠海华发综合发展,3701,Holder
珠海华发,3702,Holder
华夏控股,3703,Holder
华夏幸福基业控股,3704,Holder
君康人寿保险,3705,Holder
北京首开天鸿,3706,Holder
横琴人寿保险,3707,Holder
汇添富基金管理,3708,Holder
富德生命人寿保险,3709,Holder
深圳福田投资控股,3710,Holder
广州建豪房地产开发,3711,Holder
广州恒发房地产开发,3712,Holder
广州新意实业发展,3713,Holder
廉法波,3714,Holder
邹锡昌,3715,Holder
黄毓娥,3716,Holder
广州城启,3717,Holder
广州粤泰控股,3718,Holder
西藏棕枫创业投资,3719,Holder
广州豪城房产开发,3720,Holder
张秀来,3721,Holder
北京空港经济开发,3722,Holder
国开金融,3723,Holder
北京顺鑫智远资本管理,3724,Holder
北京临空兴融投资,3725,Holder
尚雨光,3726,Holder
罗楚珠,3727,Holder
孙晓光,3728,Holder
李吉军,3729,Holder
陶光勋,3730,Holder
上海南江,3731,Holder
上海泽熙增煦投资中心,3732,Holder
闽发证券破产管理人,3733,Holder
左十,3734,Holder
钟正健,3735,Holder
李彤,3736,Holder
闻志平,3737,Holder
颜楗,3738,Holder
昝圣达,3739,Holder
黑牡丹回购专用证券账户,3740,Holder
尹大勇,3741,Holder
杨廷栋,3742,Holder
蓝富坤,3743,Holder
高春晨,3744,Holder
常高新,3745,Holder
常州国有资产投资经营,3746,Holder
郭淦波,3747,Holder
叶国梁,3748,Holder
俞雄伟,3749,Holder
王朝晖,3750,Holder
南京园林实业总,3751,Holder
南京栖霞国有资产经营,3752,Holder
吴麒,3753,Holder
南京栖霞建设,3754,Holder
杨永席,3755,Holder
重庆东银控股,3756,Holder
赵洁红,3757,Holder
重庆硕润石化,3758,Holder
弘业期货,3759,Holder
罗韶颖,3760,Holder
肖妃英,3761,Holder
深圳,3762,Holder
珠海中珠,3763,Holder
李婷,3764,Holder
武汉雪球资产管理,3765,Holder
祝世华,3766,Holder
上海天宸,3767,Holder
上海城投,3768,Holder
上海地产,3769,Holder
上海格林兰投资企业,3770,Holder
王婷婷,3771,Holder
隆鑫控股,3772,Holder
崔钧,3773,Holder
上海窝竹科技合伙企业,3774,Holder
百联,3775,Holder
上海仪电,3776,Holder
华鑫置业,3777,Holder
上海飞乐音响,3778,Holder
上海国盛资产,3779,Holder
中国太平洋人寿保险,3780,Holder
上海由由,3781,Holder
陶美英,3782,Holder
福建天宝矿业,3783,Holder
上海新华闻投资,3784,Holder
上海盛誉莲花股权投资基金合伙企业,3785,Holder
上海黄浦区国有资产监督管理委员会,3786,Holder
中崇投资,3787,Holder
北京禾晟源投资管理,3788,Holder
上海新黄浦,3789,Holder
上海万业企业回购专用证券账户,3790,Holder
李晋安,3791,Holder
申万宏源证券,3792,Holder
周夏真,3793,Holder
三林万业企业,3794,Holder
上海浦东科技投资,3795,Holder
海南建信投资管理,3796,Holder
陈建钊,3797,Holder
北京崇远投资经营,3798,Holder
信达投资,3799,Holder
ISHARES EDGE MSCI MIN VOL EMERGING MARKETS ETF,3800,Holder
GUOTAI JUNAN SECURITIES LIMITED,3801,Holder
LGT BANK AG,3802,Holder
上海国际资产管理,3803,Holder
上海陆家嘴,3804,Holder
上海潼骁投资发展中心,3805,Holder
沈俊晓,3806,Holder
王德华,3807,Holder
张晓敏,3808,Holder
王有利,3809,Holder
郑文健,3810,Holder
信裕金久,3811,Holder
李大中,3812,Holder
西安高新技术产业开发区房地产开发,3813,Holder
平安不动产,3814,Holder
姚建华,3815,Holder
上海谐意资产管理,3816,Holder
深圳恩情投资发展,3817,Holder
华润置地控股,3818,Holder
程少良,3819,Holder
宁波昌兴物资,3820,Holder
戴文伟,3821,Holder
龚岚,3822,Holder
杨雪梅,3823,Holder
宁波银河综合服务管理中心,3824,Holder
龚万伦,3825,Holder
中国银泰投资,3826,Holder
北京基础设施投资,3827,Holder
黄佩玲,3828,Holder
广州人民政府国有资产监督管理委员会,3829,Holder
广州珠江实业,3830,Holder
吴晓帆,3831,Holder
黄文丰,3832,Holder
余庆元,3833,Holder
羊轶霖,3834,Holder
王玲,3835,Holder
陈阳生,3836,Holder
黎壮宇,3837,Holder
周明标,3838,Holder
上海贵酒企业发展,3839,Holder
五牛股权投资基金管理,3840,Holder
张丽娟,3841,Holder
华宝信托,3842,Holder
陈嘉华,3843,Holder
鲍再林,3844,Holder
白松,3845,Holder
黄炜,3846,Holder
杨春梅,3847,Holder
江苏凤凰出版传媒,3848,Holder
王帮利,3849,Holder
池正海,3850,Holder
李光琴,3851,Holder
阮彩友,3852,Holder
冯建霖,3853,Holder
林佳仪,3854,Holder
周雅园,3855,Holder
陈恒,3856,Holder
孙茂德,3857,Holder
高彩仙,3858,Holder
王建飞,3859,Holder
张志汉,3860,Holder
王跃旦,3861,Holder
宁波城建投资控股,3862,Holder
陈刚,3863,Holder
江苏南通沿海创业投资基金,3864,Holder
江苏新材料产业创业投资企业,3865,Holder
东方红启元三年持有期混合型证券投资基金,3866,Holder
广发高端制造股票型发起式证券投资基金,3867,Holder
佛山嘉时企业管理合伙企业,3868,Holder
天津天创海河先进装备制造产业基金合伙企业,3869,Holder
上海新达浦宏投资合伙企业,3870,Holder
义乌奇光股权投资合伙企业,3871,Holder
渤海汽车系统,3872,Holder
北京汽车,3873,Holder
北汽汽车,3874,Holder
芜湖信石信冶投资管理合伙企业,3875,Holder
北京工业发展投资管理,3876,Holder
深圳井冈山新能源投资管理,3877,Holder
北京星网工业园,3878,Holder
戴姆勒大中华区投资,3879,Holder
北京弘卓资本管理,3880,Holder
置悦,3881,Holder
天津华远浩利投资,3882,Holder
北京华远,3883,Holder
王慧明,3884,Holder
廖国礼,3885,Holder
李应生,3886,Holder
湖北潜江农村商业银行,3887,Holder
张素芬,3888,Holder
北京京泰投资管理中心,3889,Holder
无锡国联产业投资,3890,Holder
天津工银国际资本经营合伙企业,3891,Holder
昆明产业发展股权投资基金合伙企业,3892,Holder
拉萨经济技术开发区闻天下投资,3893,Holder
上实地产发展,3894,Holder
上海上投资产经营,3895,Holder
君证,3896,Holder
上海工业投资,3897,Holder
四川蓝润资产管理,3898,Holder
钟金强,3899,Holder
郑敏,3900,Holder
郑珍,3901,Holder
曾卫杰,3902,Holder
张瑜,3903,Holder
钱隽,3904,Holder
毕宜龙,3905,Holder
丁铌蔼,3906,Holder
王鸥,3907,Holder
上海浦东发展银行深圳分行,3908,Holder
周逸诚,3909,Holder
南京长恒实业,3910,Holder
罗明光,3911,Holder
厦门达沃斯投资,3912,Holder
东方国际,3913,Holder
上海静安区国有资产监督管理委员会,3914,Holder
张琬婧,3915,Holder
吉林外国企业服务,3916,Holder
哈尔滨道里区慈善基金会,3917,Holder
冯艳璇,3918,Holder
傅春,3919,Holder
张瑞,3920,Holder
贵州技术改造投资,3921,Holder
李惠球,3922,Holder
赵菁华,3923,Holder
北京能源,3924,Holder
山东天业房地产开发,3925,Holder
济南高新城建设发展,3926,Holder
济南高新智慧谷投资置业,3927,Holder
济南东拓置业,3928,Holder
济南东信开发建设,3929,Holder
济南高新控股,3930,Holder
济南综合保税区开发投资,3931,Holder
将军控股,3932,Holder
济南高新临空经济区园区开发,3933,Holder
上海世茂投资管理,3934,Holder
峰盈国际,3935,Holder
西藏世茂企业发展,3936,Holder
上海浦东国有资产投资管理,3937,Holder
社保基金四二三组合,3938,Holder
中航高科技发展,3939,Holder
中国航发北京航空材料研究院,3940,Holder
南通产业控股,3941,Holder
北京京国发股权投资基金,3942,Holder
中国航空制造技术研究院,3943,Holder
天津中维商贸,3944,Holder
中国铁路兰州局,3945,Holder
毕达,3946,Holder
钱周健,3947,Holder
中意人寿保险,3948,Holder
刘文科,3949,Holder
钟燕,3950,Holder
中航鑫港担保,3951,Holder
王府井,3952,Holder
北京北辰实业,3953,Holder
国信证券,3954,Holder
深圳地铁,3955,Holder
上海泽添资产管理中心,3956,Holder
中国投资,3957,Holder
深圳博睿意碳源科技,3958,Holder
许培雅,3959,Holder
陈栩,3960,Holder
陈振新,3961,Holder
杭州环博投资,3962,Holder
杭州钱江中小企业创业投资,3963,Holder
深圳前海火蓝资产管理,3964,Holder
刘瑶,3965,Holder
吴贵州,3966,Holder
张德锋,3967,Holder
廖晔,3968,Holder
深圳资本运营,3969,Holder
深圳人民政府国有资产监督管理委员会,3970,Holder
余似苹,3971,Holder
深圳富安控股,3972,Holder
深圳宝安区投资管理,3973,Holder
李松强,3974,Holder
深圳建鹏达房地产开发,3975,Holder
深圳免税商品企业,3976,Holder
杨耀初,3977,Holder
段少腾,3978,Holder
林强有,3979,Holder
麦富容,3980,Holder
文萍,3981,Holder
康云,3982,Holder
李栋,3983,Holder
洪祖芳,3984,Holder
吴小丽,3985,Holder
张沐城,3986,Holder
陆平,3987,Holder
李剑霆,3988,Holder
深业沙河,3989,Holder
GUOTAI  JUNAN SECURITIES LIMITED,3990,Holder
山金金控资本管理,3991,Holder
卢志高,3992,Holder
谭石庆,3993,Holder
杨水莲,3994,Holder
杨剑雄,3995,Holder
吴浩源,3996,Holder
灰石投资管理,3997,Holder
明毅,3998,Holder
中粮,3999,Holder
太平人寿保险,4000,Holder
工银瑞信投资,4001,Holder
张忱业,4002,Holder
陈庆振,4003,Holder
华联发展,4004,Holder
冯书通,4005,Holder
柳州佳力房地产开发,4006,Holder
肖钢,4007,Holder
郝洛,4008,Holder
柳州瑞恒机电,4009,Holder
王志丰,4010,Holder
夏东明,4011,Holder
罗承,4012,Holder
华安未来资管,4013,Holder
修涞贵,4014,Holder
深圳意汇通投资发展,4015,Holder
曹林芳,4016,Holder
青岛亚星实业,4017,Holder
朱兰英,4018,Holder
姜剑,4019,Holder
程嘉媛,4020,Holder
曾洪武,4021,Holder
毛韦明,4022,Holder
黄文明,4023,Holder
王逑,4024,Holder
东旭,4025,Holder
深圳中洲置地,4026,Holder
南昌联泰投资,4027,Holder
深圳联泰房地产开发,4028,Holder
华润深国投信托,4029,Holder
深圳前海君至投资,4030,Holder
陈克春,4031,Holder
德邦创新资本,4032,Holder
黄木顺,4033,Holder
泛海能源控股,4034,Holder
中国泛海控股,4035,Holder
徐凯,4036,Holder
陈巧玲,4037,Holder
皇庭国际,4038,Holder
BOCI SECURITIES LIMITED,4039,Holder
霍孝谦,4040,Holder
鍾志強,4041,Holder
苏州和瑞九鼎投资中心,4042,Holder
百利亚太投资,4043,Holder
深圳皇庭投资管理,4044,Holder
深圳皇庭产业控股,4045,Holder
长城人寿保险,4046,Holder
北京金融街投资,4047,Holder
和谐健康保险,4048,Holder
富邦人寿保险,4049,Holder
赵永芹,4050,Holder
广州天誉控股,4051,Holder
上海庞增投资管理中心,4052,Holder
福建晟联辉投资,4053,Holder
俞盛,4054,Holder
谢慧明,4055,Holder
潘光明,4056,Holder
深圳瑞华丰实业,4057,Holder
纪正祥,4058,Holder
董博,4059,Holder
王岳成,4060,Holder
北京粮食,4061,Holder
北京国有资本经营管理中心,4062,Holder
LI SHERYN ZHAN MING,4063,Holder
鑫牛润瀛股权投资基金管理,4064,Holder
梅建英,4065,Holder
张晓霞,4066,Holder
王小星,4067,Holder
朱朋,4068,Holder
李红,4069,Holder
牟海鹏,4070,Holder
何雪梅,4071,Holder
顾佳,4072,Holder
共青城蕴沣资产管理,4073,Holder
季浩波,4074,Holder
杨美凤,4075,Holder
宁波梅山保税港区冉盛盛昌投资管理合伙企业,4076,Holder
杭州汇成,4077,Holder
宁波冉盛盛远投资管理合伙企业,4078,Holder
李在让,4079,Holder
张兴权,4080,Holder
柳州兆瑞商贸,4081,Holder
张红艳,4082,Holder
王成海,4083,Holder
神威医药科技,4084,Holder
陈泽钦,4085,Holder
重庆城建设投资,4086,Holder
王久芳,4087,Holder
汪静,4088,Holder
宫和霞,4089,Holder
姚杰聪,4090,Holder
宁波舟山港,4091,Holder
刘少明,4092,Holder
深圳新海投资控股,4093,Holder
荣安,4094,Holder
俞晴,4095,Holder
北京紫光通信科技,4096,Holder
天津安特文化传播,4097,Holder
浙江台州椰林湾投资策划,4098,Holder
西藏紫光卓远股权投资,4099,Holder
罗廷贵,4100,Holder
万泽,4101,Holder
江西赣江融创投资,4102,Holder
李敏仙,4103,Holder
张智,4104,Holder
汕头电力开发,4105,Holder
玲珑,4106,Holder
黄旭盛,4107,Holder
宋长福,4108,Holder
徐善水,4109,Holder
刘军,4110,Holder
汪向东,4111,Holder
乌鲁木齐世纪恒美股权投资,4112,Holder
鲁能,4113,Holder
宗桂洪,4114,Holder
中天金融,4115,Holder
金世旗国际控股,4116,Holder
贵阳城发展投资,4117,Holder
陈伟利,4118,Holder
陈晋源,4119,Holder
任宝根,4120,Holder
卜晋,4121,Holder
成都体育产业投资,4122,Holder
莱茵达控股,4123,Holder
高靖娜,4124,Holder
韦潇,4125,Holder
陶大宁,4126,Holder
金贤琴,4127,Holder
邢宏图,4128,Holder
陈国,4129,Holder
林仙琴,4130,Holder
周奇润,4131,Holder
陈丽,4132,Holder
王国娟,4133,Holder
李学军,4134,Holder
海南富南国际信托投资,4135,Holder
关闭海南发展银行清算组,4136,Holder
海南新海基投资,4137,Holder
海南祥源投资,4138,Holder
永泰,4139,Holder
刘伟权,4140,Holder
广东宏远,4141,Holder
东莞振兴工贸发展,4142,Holder
方国宝,4143,Holder
陆生华,4144,Holder
易敏珠,4145,Holder
杨泽敏,4146,Holder
江雪贞,4147,Holder
张林,4148,Holder
王强,4149,Holder
陈焕杰,4150,Holder
京基,4151,Holder
上海永磐实业,4152,Holder
宋梓琪,4153,Holder
北京燕赵房地产开发,4154,Holder
周增希,4155,Holder
上海衍金投资管理,4156,Holder
伍美成,4157,Holder
黄鑫,4158,Holder
郑宽,4159,Holder
黄建康,4160,Holder
鱼杰,4161,Holder
李希泉,4162,Holder
刘杰,4163,Holder
霍尔果斯兴润宏晟股权投资管理合伙企业,4164,Holder
中国石化北京燕山石油化工,4165,Holder
北京燕化联营开发,4166,Holder
成都中迪产融投资,4167,Holder
徐兴良,4168,Holder
余琦,4169,Holder
汪锡新,4170,Holder
刘敬,4171,Holder
宋信斌,4172,Holder
王河,4173,Holder
张琴华,4174,Holder
方跃伦,4175,Holder
朱盛兰,4176,Holder
海航资本,4177,Holder
江门甘蔗化工厂,4178,Holder
吴梦玲,4179,Holder
北京恒天永晟科贸,4180,Holder
北京九州万力投资,4181,Holder
北京赣商投资,4182,Holder
长春高新光电发展,4183,Holder
顺发恒业回购专用证券账户,4184,Holder
中国民生银行,4185,Holder
祁堃,4186,Holder
浙江航民实业,4187,Holder
黄红云,4188,Holder
重庆金科投资控股,4189,Holder
广东弘敏企业管理咨询,4190,Holder
金科地产,4191,Holder
天津聚金物业管理,4192,Holder
阳光人寿保险,4193,Holder
陶虹遐,4194,Holder
黄斯诗,4195,Holder
甘山林,4196,Holder
美好未来企业管理,4197,Holder
东方时尚投资,4198,Holder
刘琼兰,4199,Holder
于静,4200,Holder
陈哲英,4201,Holder
深圳圣杰时代股权投资中心,4202,Holder
盛世达投资,4203,Holder
王秀荣,4204,Holder
谢吉潮,4205,Holder
廖少层,4206,Holder
王家骥,4207,Holder
王坚宏,4208,Holder
王召军,4209,Holder
福建康田实业,4210,Holder
东方信隆资产管理,4211,Holder
福建阳光,4212,Holder
何媚,4213,Holder
上海嘉闻投资管理,4214,Holder
袁芳,4215,Holder
张佳,4216,Holder
谢锦和,4217,Holder
兰州太华投资控股,4218,Holder
兰州亚太工贸,4219,Holder
北京大投资,4220,Holder
苏宁环球回购专用证券账户,4221,Holder
苏宁环球,4222,Holder
张桂平,4223,Holder
张康黎,4224,Holder
于建军,4225,Holder
曹晴霞,4226,Holder
叶荔,4227,Holder
泰禾投资,4228,Holder
蔡尚重,4229,Holder
福建智恒达实业,4230,Holder
黄敏,4231,Holder
张悦,4232,Holder
孙其寿,4233,Holder
彭兰乔,4234,Holder
屈月莲,4235,Holder
彭程,4236,Holder
西安紫薇地产开发,4237,Holder
浙江开元股权投资,4238,Holder
湖南华夏投资,4239,Holder
重庆渝富资本运营,4240,Holder
中交房地产,4241,Holder
陈立国,4242,Holder
申亚林,4243,Holder
上海禛瑛投资管理,4244,Holder
泰禾,4245,Holder
寿稚岗,4246,Holder
董敏,4247,Holder
福建能源,4248,Holder
福建建工,4249,Holder
程洪亮,4250,Holder
郝军扬,4251,Holder
周明,4252,Holder
胡祖平,4253,Holder
刘柏权,4254,Holder
陈坚,4255,Holder
铁岭财政资产经营,4256,Holder
颜润桥,4257,Holder
蒋斌,4258,Holder
郑卫清,4259,Holder
梁丽红,4260,Holder
刘明举,4261,Holder
刘凤先,4262,Holder
高候钟,4263,Holder
黄炳辉,4264,Holder
重庆财信房地产开发,4265,Holder
金海熊,4266,Holder
广州海印实业,4267,Holder
邵建明,4268,Holder
茂名环星新材料,4269,Holder
广东海印回购专用证券账户,4270,Holder
朱建平,4271,Holder
朱蔓林,4272,Holder
邵建聪,4273,Holder
欧瑞源,4274,Holder
李建光,4275,Holder
上海三湘投资控股,4276,Holder
黄卫枝,4277,Holder
三湘印象回购专用证券账户,4278,Holder
刘红波,4279,Holder
刘阳,4280,Holder
钜洲资产管理,4281,Holder
天津泰达投资控股,4282,Holder
源润控股,4283,Holder
天津泰达建设,4284,Holder
广州凯隆置业,4285,Holder
浙江天地实业发展,4286,Holder
陈宝林,4287,Holder
邹丽俐,4288,Holder
邱杭杰,4289,Holder
陈能依,4290,Holder
过鑫富,4291,Holder
浙江国大,4292,Holder
谭功炎,4293,Holder
肖昌盛,4294,Holder
陈雪芹,4295,Holder
张利央,4296,Holder
李必胜,4297,Holder
湖北福星科技回购专用证券账户,4298,Holder
福星控股,4299,Holder
程鑫,4300,Holder
唐荣松,4301,Holder
彭太阳,4302,Holder
杨春生,4303,Holder
中关村高科技产业促进中心,4304,Holder
北京天鑫财富投资管理,4305,Holder
国美电器,4306,Holder
国美控股,4307,Holder
天津天保控股,4308,Holder
阮海良,4309,Holder
长江证券资管,4310,Holder
天津津融卓创投资管理,4311,Holder
刘定舫,4312,Holder
赖福生,4313,Holder
航天科工财务,4314,Holder
刘勇,4315,Holder
张瑞恋,4316,Holder
张小军,4317,Holder
东吴证券,4318,Holder
国都证券,4319,Holder
中弘卓业,4320,Holder
陈炎,4321,Holder
宁波圣洲投资,4322,Holder
宁波银亿控股,4323,Holder
熊基凯,4324,Holder
西藏银亿投资管理,4325,Holder
宁波开发投资,4326,Holder
鲁国华,4327,Holder
常文光,4328,Holder
顾伟,4329,Holder
宁波维泰投资合伙企业,4330,Holder
招商局蛇口工业区控股,4331,Holder
中国航空技术深圳,4332,Holder
深圳招商房地产,4333,Holder
深圳中航城发展,4334,Holder
梁家荣,4335,Holder
童飞,4336,Holder
日喀则世荣投资管理,4337,Holder
罗建华,4338,Holder
黄旭文,4339,Holder
梁社增,4340,Holder
江苏瀚瑞投资控股,4341,Holder
王刚,4342,Holder
镇江高新创业投资,4343,Holder
前海股权投资基金,4344,Holder
陈建龙,4345,Holder
朱文明,4346,Holder
张琪,4347,Holder
胡韩,4348,Holder
曾丽辉,4349,Holder
王鹤鸣,4350,Holder
周金振,4351,Holder
单康康,4352,Holder
李,4353,Holder
王孝勤,4354,Holder
单玲玲,4355,Holder
王振丰,4356,Holder
法泰达管理,4357,Holder
杭州澜华投资管理,4358,Holder
杭州平海投资,4359,Holder
荣盛控股,4360,Holder
耿建明,4361,Holder
荣盛建设工程,4362,Holder
邹家立,4363,Holder
荣盛建设,4364,Holder
中意资管,4365,Holder
四川万丰商贸大厦管理中心,4366,Holder
任秋平,4367,Holder
深圳嘉石大岩资本管理,4368,Holder
上海宁泉资产管理,4369,Holder
合肥工业投资控股,4370,Holder
合肥兴泰金融控股,4371,Holder
莫建华,4372,Holder
杭州滨江投资控股,4373,Holder
戚金兴,4374,Holder
朱慧明,4375,Holder
陈劲松,4376,Holder
世联地产顾问,4377,Holder
珠海大横琴,4378,Holder
乌鲁木齐卓群创展股权投资合伙企业,4379,Holder
深圳众志联高投资管理合伙企业,4380,Holder
北京华居天下网络技术,4381,Holder
许晓明,4382,Holder
中国电建地产,4383,Holder
武汉新天地投资,4384,Holder
尹光华,4385,Holder
东吴基金,4386,Holder
杨建纲,4387,Holder
盛琴美,4388,Holder
王萧,4389,Holder
上海上国投资产管理,4390,Holder
上海国鑫投资发展,4391,Holder
上海国际,4392,Holder
中国移动通信广东,4393,Holder
润华,4394,Holder
云南合和,4395,Holder
首钢,4396,Holder
东方,4397,Holder
同方国信投资控股,4398,Holder
新希望六和投资,4399,Holder
上海健特生命科技,4400,Holder
中国船东互保协会,4401,Holder
广州越秀金融控股,4402,Holder
中国中信,4403,Holder
深圳楚源投资发展,4404,Holder
招商局轮船,4405,Holder
中国远洋运输,4406,Holder
深圳晏清投资发展,4407,Holder
深圳招融投资控股,4408,Holder
涌金投资控股,4409,Holder
长沙涌金,4410,Holder
山东通汇资本投资,4411,Holder
上海德莱科技,4412,Holder
上海银炬实业发展,4413,Holder
北京绵世方达投资,4414,Holder
深圳德景新投资,4415,Holder
北京新天地互动多媒体技术,4416,Holder
乌海城建投融资,4417,Holder
周峰平,4418,Holder
雪松国际信托,4419,Holder
重庆水务资产经营,4420,Holder
重庆地产,4421,Holder
重庆发展投资,4422,Holder
重庆高速公路,4423,Holder
中国建银投资,4424,Holder
重庆江北嘴中央商务区投资,4425,Holder
刘靖基,4426,Holder
上海均瑶,4427,Holder
上海工商界爱国建设特种基金会,4428,Holder
广州产业投资基金管理,4429,Holder
上海华豚企业管理,4430,Holder
上海工商业联合会,4431,Holder
刘克明,4432,Holder
中国航空技术国际控股,4433,Holder
中国航空工业,4434,Holder
中国铁路哈尔滨局,4435,Holder
共青城羽绒服装创业基地公共服务,4436,Holder
中航资本控股回购专用证券账户,4437,Holder
中国电子科技,4438,Holder
梁稀,4439,Holder
上海方圆达创投资合伙企业,4440,Holder
梁建业,4441,Holder
湘财证券,4442,Holder
山东岚桥港,4443,Holder
上海公信实业,4444,Holder
瀚博汇鑫投资,4445,Holder
上海国之杰投资发展,4446,Holder
姚远,4447,Holder
林高,4448,Holder
海通证券,4449,Holder
宋天峰,4450,Holder
宁波大红鹰投资,4451,Holder
宁波郡庙企业总,4452,Holder
浙江中烟投资管理,4453,Holder
中天控股,4454,Holder
浙江烟草投资管理,4455,Holder
浙江香溢控股,4456,Holder
上海百联,4457,Holder
上海国盛,4458,Holder
上海海烟投资管理,4459,Holder
光明食品,4460,Holder
申能,4461,Holder
上海电气总,4462,Holder
上海金桥出口加工区开发,4463,Holder
上海建工,4464,Holder
中国邮政,4465,Holder
浙能资本控股,4466,Holder
上海报业,4467,Holder
中远海运,4468,Holder
中国交通建设,4469,Holder
河北港口,4470,Holder
深圳集盛投资发展,4471,Holder
法国巴黎银行,4472,Holder
南京国有资产投资管理控股,4473,Holder
幸福人寿保险,4474,Holder
中国烟草总江苏,4475,Holder
江苏交通控股,4476,Holder
南京紫金投资,4477,Holder
深圳天翼投资发展,4478,Holder
大连天盛硕博科技,4479,Holder
北京嘉裕投资,4480,Holder
福建烟草海晟投资管理,4481,Holder
阳光控股,4482,Holder
中国烟草总,4483,Holder
福建财政厅,4484,Holder
中国长江三峡,4485,Holder
三峡资本控股,4486,Holder
北京联东投资,4487,Holder
北京国有资产经营,4488,Holder
ING BANK N.V.,4489,Holder
山东高速,4490,Holder
福建新联合投资,4491,Holder
中国诚通控股,4492,Holder
中央汇金投资,4493,Holder
中华人民共和国财政部,4494,Holder
全国社会保障基金理事会,4495,Holder
深业,4496,Holder
New Orient Ventures Limited,4497,Holder
商发控股,4498,Holder
,4499,Holder
首都机场,4500,Holder
全国社会保障基金理事会国有资本划转六户,4501,Holder
香港上海汇丰银行,4502,Holder
北京太极华青信息系统,4503,Holder
中国宝武钢铁,4504,Holder
华域汽车系统,4505,Holder
上海糖业烟酒,4506,Holder
国泰中证全指证券交易型开放式指数证券投资基金,4507,Holder
福建融资担保,4508,Holder
上海申新,4509,Holder
苏州国际发展,4510,Holder
中新苏州工业园区投资管理,4511,Holder
张家港直属公有资产经营,4512,Holder
苏州高新国有资产经营管理,4513,Holder
苏州营财投资,4514,Holder
苏州工业园区国有资产控股发展,4515,Holder
苏州物资控股,4516,Holder
"Citibank, National Association",4517,Holder
华宝投资,4518,Holder
上海国有资产经营,4519,Holder
中国国际电视总,4520,Holder
江苏苏豪控股,4521,Holder
江苏国信,4522,Holder
江苏高科技投资,4523,Holder
安信证券,4524,Holder
江苏宏图高科技,4525,Holder
平安大华基金,4526,Holder
中国光大控股,4527,Holder
中国光大,4528,Holder
华侨城,4529,Holder
中远海运投资管理,4530,Holder
中国再保险,4531,Holder
北大方正,4532,Holder
北京政泉控股,4533,Holder
哈尔滨哈投投资,4534,Holder
乐山国有资产投资运营,4535,Holder
方正产业控股,4536,Holder
中国长江电力,4537,Holder
益嘉投资,4538,Holder
国家电网,4539,Holder
"MUFG Bank, Ltd.",4540,Holder
顾利勇,4541,Holder
茂天资本,4542,Holder
河南鸿宝企业管理,4543,Holder
深圳中电投资,4544,Holder
中国平安保险,4545,Holder
新疆金融投资,4546,Holder
四川发展,4547,Holder
宁波梅山保税港区德通顺和投资管理,4548,Holder
中信建投基金,4549,Holder
中加基金,4550,Holder
上海贝御信息技术,4551,Holder
天津通万投资合伙企业,4552,Holder
广州城投投资,4553,Holder
西藏瑞华资本管理,4554,Holder
天津燕山股权投资基金,4555,Holder
深圳兴航融投股权投资基金合伙企业,4556,Holder
人保投资控股,4557,Holder
陕西高速公路建设,4558,Holder
陕西煤业化工,4559,Holder
吉林信托,4560,Holder
吉林亚泰,4561,Holder
潘锦云,4562,Holder
吉林投资,4563,Holder
广州,4564,Holder
杨志茂,4565,Holder
东莞新世纪科教拓展,4566,Holder
朱凤廉,4567,Holder
黄海晓,4568,Holder
潘建华,4569,Holder
黄雪林,4570,Holder
陈继祥,4571,Holder
安徽国元金融控股,4572,Holder
安徽国元信托,4573,Holder
建安投资控股,4574,Holder
安徽安粮,4575,Holder
安徽皖能,4576,Holder
安徽皖维高新材料,4577,Holder
安徽全柴,4578,Holder
广东高速公路发展,4579,Holder
广西金融投资,4580,Holder
广西投资,4581,Holder
广西融桂物流,4582,Holder
广西桂东电力,4583,Holder
广西梧州中恒,4584,Holder
广西投资金融控股,4585,Holder
普宁信宏实业投资,4586,Holder
中山公用事业,4587,Holder
辽宁成大,4588,Holder
吉林敖东药业,4589,Holder
湖北能源,4590,Holder
上海海欣,4591,Holder
武汉地产开发投资,4592,Holder
湖北宏泰国有资本投资运营,4593,Holder
中国葛洲坝,4594,Holder
湖北长江产业投资,4595,Holder
湖北鄂旅投创业投资,4596,Holder
雅戈尔,4597,Holder
新加坡华侨银行,4598,Holder
山西科技基金发展,4599,Holder
郑州热力,4600,Holder
中吉金投资产管理,4601,Holder
山西国际电力,4602,Holder
山西金融投资控股,4603,Holder
陕西投资,4604,Holder
上海城投控股,4605,Holder
西部信托,4606,Holder
北京远大华创投资,4607,Holder
中铁宝桥,4608,Holder
北京城建投资发展,4609,Holder
黄山旅游,4610,Holder
GREENWOODS CHINA ALPHA MASTER FUND,4611,Holder
"GAOLING FUND,L.P.",4612,Holder
SEAHAWK CHINA DYNAMIC FUND,4613,Holder
PINPOINT CHINA FUND,4614,Holder
中国青旅,4615,Holder
中青创益投资管理,4616,Holder
杨三彩,4617,Holder
王薇淇,4618,Holder
颜翠英,4619,Holder
南方东英资产管理,4620,Holder
北京首都旅游,4621,Holder
携程旅游信息技术,4622,Holder
SMART MASTER INTERNATIONAL LIMITED,4623,Holder
北京金汇丰盈投资中心,4624,Holder
江西旅游,4625,Holder
厦门当代旅游资源开发,4626,Holder
南京江宁国有资产经营,4627,Holder
杭州之江发展总,4628,Holder
舒钰强,4629,Holder
上海大世界,4630,Holder
李惠全,4631,Holder
刘妙娥,4632,Holder
谢文贤,4633,Holder
南京方凯企业管理,4634,Holder
宁波梅山保税港区泓昀资产管理,4635,Holder
海航旅业国际,4636,Holder
Ocean Garden Holdings LTD,4637,Holder
上海大新华实业,4638,Holder
海航旅游,4639,Holder
肖峰,4640,Holder
磐京股权投资基金管理,4641,Holder
大连星海湾金融商务区投资管理,4642,Holder
杨子平,4643,Holder
高建渭,4644,Holder
N.Z. UNDERWATER WORLD ENGINEERING AND DEVELOPMENT CO LIMITED,4645,Holder
辽宁迈克,4646,Holder
浙江兆信投资管理,4647,Holder
黄明嵩,4648,Holder
王超,4649,Holder
上海捷时达邮政专递,4650,Holder
同方投资,4651,Holder
中国电信实业资产管理,4652,Holder
杜娟,4653,Holder
上海宏开升集装箱,4654,Holder
魏玉芳,4655,Holder
北京通三益保健食品,4656,Holder
平安多元策略混合型养老金产品,4657,Holder
卢冬芳,4658,Holder
章安,4659,Holder
西安曲江旅游投资,4660,Holder
钱旭璋,4661,Holder
西藏旅游回购专用证券账户,4662,Holder
田文凯,4663,Holder
张杰,4664,Holder
乐清意诚电气,4665,Holder
西藏国际体育旅游,4666,Holder
西藏纳铭网络技术,4667,Holder
西藏国风文化发展,4668,Holder
上海京遥贸易,4669,Holder
国风,4670,Holder
上海锦江资本,4671,Holder
弘毅,4672,Holder
INVESCO FUNDS SICAV,4673,Holder
SHING KWAN INVESTMENT  PTE LTD,4674,Holder
苏宁电器,4675,Holder
王骏,4676,Holder
江苏凤凰文化贸易,4677,Holder
南京邦驰百货贸易,4678,Holder
马红线,4679,Holder
南京金陵饭店,4680,Holder
诗瑞德酒店管理,4681,Holder
梁瑞安,4682,Holder
潘斐莲,4683,Holder
陈发树,4684,Holder
中国旅游,4685,Holder
任佳楠,4686,Holder
吉林长白山开发建设,4687,Holder
中国吉林森林工业,4688,Holder
长白山森工,4689,Holder
潘立明,4690,Holder
阿拉丁传奇旅游产业,4691,Holder
沈晓东,4692,Holder
刘剑,4693,Holder
陈楚予,4694,Holder
顾永刚,4695,Holder
谢曼曼,4696,Holder
刘梅英,4697,Holder
安徽信用担保,4698,Holder
郑惠华,4699,Holder
青阳县城建设经营发展,4700,Holder
安徽国有资本运营控股,4701,Holder
安徽嘉润金地企业管理,4702,Holder
安徽高新技术产业投资,4703,Holder
安徽九华山文化旅游,4704,Holder
新奥控股投资,4705,Holder
新奥能源供应链,4706,Holder
张滔,4707,Holder
北京亿恩锐投资中心,4708,Holder
宿迁新毅德辉投资管理中心,4709,Holder
新奥资本管理,4710,Holder
杨英,4711,Holder
新智认知数字科技回购专用证券账户,4712,Holder
田志伟,4713,Holder
上海翼丰投资管理,4714,Holder
李红军,4715,Holder
桑宏钰,4716,Holder
惠渊博,4717,Holder
李钢钢,4718,Holder
李强,4719,Holder
陆尔东,4720,Holder
林昌珍,4721,Holder
陈卓婷,4722,Holder
深圳博恒投资,4723,Holder
汉富控股,4724,Holder
深圳华侨城资本投资管理,4725,Holder
深圳钜盛华,4726,Holder
郑锦雯,4727,Holder
华天实业控股,4728,Holder
湖南华信恒源股权投资企业,4729,Holder
姜雅芳,4730,Holder
邓彩琼,4731,Holder
贾云鹏,4732,Holder
张朝阳,4733,Holder
深圳昭阳投资管理,4734,Holder
王慧荣,4735,Holder
李思乐,4736,Holder
中原股权投资管理,4737,Holder
陕西文化产业投资管理,4738,Holder
张家界土地房产开发,4739,Holder
诺德基金,4740,Holder
国机资本控股,4741,Holder
张家界国家森林公园管理处,4742,Holder
深圳益田,4743,Holder
张家界武陵源旅游产业发展,4744,Holder
张家界经济发展投资,4745,Holder
庄海英,4746,Holder
林荣镜,4747,Holder
杨士营,4748,Holder
广州流花宾馆,4749,Holder
广州岭南控股,4750,Holder
中信证券华南,4751,Holder
广州东方酒店,4752,Holder
广州岭南国际企业,4753,Holder
邵斌,4754,Holder
西安旅游,4755,Holder
西安江洋商贸,4756,Holder
陈大强,4757,Holder
常爱东,4758,Holder
车碧泽,4759,Holder
宋秋玲,4760,Holder
罗军,4761,Holder
钟林勉,4762,Holder
孙慧明,4763,Holder
张峰秀,4764,Holder
中投证券金融控股,4765,Holder
潘爱萍,4766,Holder
陈金莲,4767,Holder
海南雅安居物业服务,4768,Holder
潘安杰,4769,Holder
杨美琴,4770,Holder
罗牛山,4771,Holder
冯硕,4772,Holder
杨少卫,4773,Holder
杨伟平,4774,Holder
深圳田面实业,4775,Holder
西安皇城医院,4776,Holder
西安米高实业发展,4777,Holder
西安龙基工程建设,4778,Holder
西安维德实业发展,4779,Holder
青岛西海岸控股发展,4780,Holder
中国华力控股,4781,Holder
西藏金宝藏文化传媒,4782,Holder
陈伟生,4783,Holder
新疆嘉梦股权投资合伙企业,4784,Holder
西藏九达投资管理,4785,Holder
王宇豪,4786,Holder
王学勤,4787,Holder
乐山红珠山宾馆,4788,Holder
四川峨眉山乐山大佛旅游总,4789,Holder
华夏基金华兴8号股票型养老金产品,4790,Holder
华夏基金华兴2号股票型养老金产品,4791,Holder
任根宝,4792,Holder
周黎旋,4793,Holder
华夏基金华益3号股票型养老金产品,4794,Holder
卢灿理,4795,Holder
舒峥,4796,Holder
桂林航空旅游,4797,Holder
桂林旅游发展总,4798,Holder
广州上果投资管理,4799,Holder
丽江玉龙雪山旅游开发,4800,Holder
华邦生命健康,4801,Holder
云南投资控股,4802,Holder
丽江玉龙雪山景区投资管理,4803,Holder
丽江摩西风情园,4804,Holder
郴州中地行房地产开发,4805,Holder
陈华明,4806,Holder
李坚,4807,Holder
李泽平,4808,Holder
潘新玉,4809,Holder
严志平,4810,Holder
文红光,4811,Holder
贾宝罗,4812,Holder
云南世博广告,4813,Holder
云南世博旅游控股,4814,Holder
中南建筑设计院,4815,Holder
中铁第四勘察设计院,4816,Holder
梁志鹏,4817,Holder
严宇媛,4818,Holder
武汉当代科技产业,4819,Holder
武汉东湖新技术开发区发展总,4820,Holder
武汉当代城建设发展,4821,Holder
华住酒店管理,4822,Holder
北京轫开投资,4823,Holder
李明军,4824,Holder
骆静,4825,Holder
谢凌志,4826,Holder
凌舒宇,4827,Holder
张亮,4828,Holder
王建国,4829,Holder
陈继,4830,Holder
上海臻禧企业管理咨询合伙企业,4831,Holder
龚兆玮,4832,Holder
李增梅,4833,Holder
王莲枝,4834,Holder
杨艳荣,4835,Holder
翁史伟,4836,Holder
方健,4837,Holder
单小龙,4838,Holder
弘毅创领,4839,Holder
上海孚烨股权投资合伙企业,4840,Holder
上海铼钸投资咨询中心,4841,Holder
巨人网络回购专用证券账户,4842,Holder
上海澎腾投资合伙企业,4843,Holder
上海鼎晖孚远股权投资合伙企业,4844,Holder
上海中堇翊源投资咨询中心,4845,Holder
上海腾澎投资合伙企业,4846,Holder
上海巨人投资管理,4847,Holder
韩丽,4848,Holder
路振勤,4849,Holder
林美美,4850,Holder
冯滨,4851,Holder
郭洪斌,4852,Holder
林岩,4853,Holder
曹建,4854,Holder
众信旅游回购专用证券账户,4855,Holder
刘岩,4856,Holder
杭州宋城控股,4857,Holder
黄巧灵,4858,Holder
黄巧龙,4859,Holder
刘萍,4860,Holder
腾邦,4861,Holder
钟百胜,4862,Holder
